{"/en/about/":{"data":{"":"","contact-us--join-us#Contact Us / Join Us":"Contact Us / Join Us Join the Magnet Official Telegram Community Welcome to join our official Telegram community to get the latest project updates, technical support and community communication.\nTelegram Group Join Magnet Official X/Twitter Welcome to join our official X/Twitter to get the latest media news.\nX/Twitter Telegram X/Twitter About Magnet Team Building a Better Web3 Future Together: Meet the Magnet Team The Magnet blockchain team deeply understands that the future of Web3 is not about individual efforts, but a grand blueprint built by the community together. We adhere to the principles of openness, collaboration, and win-win, and actively embrace the power of the community. Our team is not only composed of core developers, but also an open community platform, welcoming everyone who is passionate about Web3 to join us. We believe that the wisdom and power of the community are infinite.\nWe are full of optimism about the future of Web3, and this optimism stems from our trust in the community and our firm belief in collaborative innovation. Every step of Magnet blockchain’s development is inseparable from the support and participation of the community.\nWe sincerely invite you to join the Magnet community and work with us to build a better Web3 future and make blockchain technology truly benefit the world!"},"title":"About Us"},"/en/blog/":{"data":{"":" RSS Feed "},"title":"Blog"},"/en/docs/":{"data":{"":"👋 Hello! Welcome to the Hextra documentation!","features#Features":" Beautiful Design - Inspired by Nextra, Hextra utilizes Tailwind CSS to offer a modern design that makes your site look outstanding. Responsive Layout and Dark Mode - It looks great on all devices, from mobile, tablet to desktop. Dark mode is also supported to accommodate various lighting conditions. Fast and Lightweight - Powered by Hugo, a lightning-fast static-site generator housed in a single binary file, Hextra keeps its footprint minimal. No JavaScript or Node.js are needed to use it. Full-text Search - Built-in offline full-text search powered by FlexSearch, no additional configuration required. Battery-included - Markdown, syntax highlighting, LaTeX math formulae, diagrams and Shortcodes elements to enhance your content. Table of contents, breadcrumbs, pagination, sidebar navigation and more are all automatically generated. Multi-language and SEO Ready - Multi-language sites made easy with Hugo’s multilingual mode. Out-of-the-box support is included for SEO tags, Open Graph, and Twitter Cards. ","next#Next":"Dive right into the following section to get started:\nGetting StartedLearn how to create website using Hextra ","questions-or-feedback#Questions or Feedback?":" ❓ Hextra is still in active development. Have a question or feedback? Feel free to open an issue! ","what-is-hextra#What is Hextra?":"Hextra is a modern, fast and batteries-included [Hugo][hugo] theme built with [Tailwind CSS][tailwind-css].\nDesigned for building beautiful websites for documentation, blogs, and websites, it provides out-of-the-box features and flexibility to meet various requirements."},"title":"Documentation"},"/en/docs/advanced/":{"data":{"":"This section covers some advanced topics of the theme.\nMulti-language Customization Comments System "},"title":"Advanced"},"/en/docs/advanced/comments/":{"data":{"":"Hextra supports adding comments system to your site. Currently giscus is supported.","giscus#giscus":"giscus is a comments system powered by GitHub Discussions. It is free and open source.\nTo enable giscus, you need to add the following to the site configuration file:\nhugo.yamlparams: comments: enable: false type: giscus giscus: repo: \u003crepository\u003e repoId: \u003crepository ID\u003e category: \u003ccategory\u003e categoryId: \u003ccategory ID\u003e The giscus configurations can be constructed from the giscus.app website. More details can also be found there.\nComments can be enabled or disabled for a specific page in the page front matter:\ncontent/docs/about.md--- title: About comments: true --- "},"title":"Comments"},"/en/docs/advanced/customization/":{"data":{"":"Hextra offers some default customization options in the hugo.yaml config file to configure the theme. This page describes the available options and how to customize the theme further.","custom-css#Custom CSS":"To add custom CSS, we need to create a file assets/css/custom.css in our site. Hextra will automatically load this file.\nFont Family The font family of the content can be customized using:\nassets/css/custom.css.content { font-family: \"Times New Roman\", Times, serif; } Inline Code Element The color of text mixed with other text can customized with:\nassets/css/custom.css.content code:not(.code-block code) { color: #c97c2e; } Primary Color The primary color of the theme can be customized by setting the --primary-hue, --primary-saturation and --primary-lightness variables:\nassets/css/custom.css:root { --primary-hue: 100deg; --primary-saturation: 90%; --primary-lightness: 50%; } Further Theme Customization The theme can be further customized by overriding the default styles via the exposed css classes. An example for customizing the footer element:\nassets/css/custom.css.hextra-footer { /* Styles will be applied to the footer element */ } .hextra-footer:is(html[class~=\"dark\"] *) { /* Styles will be applied to the footer element in dark mode */ } The following classes can be used to customize various parts of the theme.\nGeneral hextra-scrollbar - The scrollbar element content - Page content container Shortcodes Badge hextra-badge - The badge element Card hextra-card - The card element hextra-card-image - The card image element hextra-card-icon - The card icon element hextra-card-subtitle - The card subtitle element Cards hextra-cards - The cards grid container Jupyter Notebook hextra-jupyter-code-cell - The Jupyter code cell container hextra-jupyter-code-cell-outputs-container - The Jupyter code cell outputs container hextra-jupyter-code-cell-outputs - The Jupyter code cell output div element PDF hextra-pdf - The PDF container element Steps steps - The steps container Tabs hextra-tabs-panel - The tabs panel container hextra-tabs-toggle - The tabs toggle button Filetree hextra-filetree - The filetree container Folder hextra-filetree-folder - The filetree folder container Navbar nav-container - The navbar container nav-container-blur - The navbar container in blur element hamburger-menu - The hamburger menu button Footer hextra-footer - The footer element hextra-custom-footer - The custom footer section container Search search-wrapper - The search wrapper container search-input - The search input element search-results - The search results list container Table of Contents hextra-toc - The table of contents container Sidebar mobile-menu-overlay - The overlay element for the mobile menu sidebar-container - The sidebar container sidebar-active-item - The active item in the sidebar Language Switcher language-switcher - The language switcher button language-options - The language options container Theme Toggle theme-toggle - The theme toggle button Cody Copy Button hextra-code-copy-btn-container - The code copy button container hextra-code-copy-btn - The code copy button Code Block hextra-code-block - The code block container Feature Card hextra-feature-card - The feature card link element Feature Grid hextra-feature-grid - The feature grid container Breadcrumbs No specific class is available for breadcrumbs.\nSyntax Highlighting List of available syntax highlighting themes are available at Chroma Styles Gallery. The stylesheet can be generated using the command:\nhugo gen chromastyles --style=github To override the default syntax highlighting theme, we can add the generated styles to the custom CSS file.","custom-extra-section-in-footer#Custom Extra Section in Footer":"You can add extra section in the footer by creating a file layouts/partials/custom/footer.html in your site.\nlayouts/partials/custom/footer.html\u003c!-- Your footer element here --\u003e The added section will be added before the copyright section in the footer. You can use HTML and Hugo template syntax to add your own content.\nHugo variables available in the footer section are: .switchesVisible and .displayCopyright.","custom-layouts#Custom Layouts":"The layouts of the theme can be overridden by creating a file with the same name in the layouts directory of your site. For example, to override the single.html layout for docs, create a file layouts/docs/single.html in your site.\nFor further information, refer to the [Hugo Templates][hugo-template-docs].","custom-scripts#Custom Scripts":"You may add custom scripts to the end of the head for every page by adding the following file:\nlayouts/partials/custom/head-end.html ","further-customization#Further Customization":"Didn’t find what you were looking for? Feel free to open a discussion or make a contribution to the theme!"},"title":"Customization"},"/en/docs/advanced/multi-language/":{"data":{"":"Hextra supports creating site with multiple languages using Hugo’s multilingual mode.","enable-multi-language#Enable Multi-language":"To make our site multi-language, we need to tell Hugo the supported languages. We need to add to the site configuration file:\nhugo.yamldefaultContentLanguage: en languages: en: languageName: English weight: 1 fr: languageName: Français weight: 2 ja: languageName: 日本語 weight: 3 ","manage-translations-by-filename#Manage Translations by Filename":"Hugo supports managing translations by filename. For example, if we have a file content/docs/_index.md in English, we can create a file content/docs/_index.fr.md for French translation.\ncontent docs _index.md _index.fr.md _index.ja.md Note: Hugo also supports Translation by content directory.","read-more#Read More":" Hugo Multilingual Mode Hugo Multilingual Part 1: Content translation Hugo Multilingual Part 2: Strings localization ","translate-menu-items#Translate Menu Items":"To translate menu items in the navigation bar, we need to set the identifier field:\nhugo.yamlmenu: main: - identifier: documentation name: Documentation pageRef: /docs weight: 1 - identifier: blog name: Blog pageRef: /blog weight: 2 and translate them in the corresponding i18n file:\ni18n/fr.yamldocumentation: Documentation blog: Blog ","translate-strings#Translate Strings":"To translate strings on the other places, we need to add the translation to the corresponding i18n file:\ni18n/fr.yamlreadMore: Lire la suite A list of strings used in the theme can be found in the i18n/en.yaml file."},"title":"Multi-language"},"/en/docs/getting-started/":{"data":{"":"","next#Next":"Explore the following sections to start adding more contents:\nOrganize Files Configuration Markdown ","quick-start-from-template#Quick Start from Template":" imfing/hextra-starter-template\nYou could quickly get started by using the above template repository.\nWe have provided a GitHub Actions workflow which can help automatically build and deploy your site to GitHub Pages, and host it for free. For more options, check out Deploy Site.\n🌐 Demo ↗","start-as-new-project#Start as New Project":"There are two main ways to add the Hextra theme to your Hugo project:\nHugo Modules (Recommended): The simplest and recommended method. Hugo modules let you pull in the theme directly from its online source. Theme is downloaded automatically and managed by Hugo.\nGit Submodule: Alternatively, add Hextra as a Git Submodule. The theme is downloaded by Git and stored in your project’s themes folder.\nSetup Hextra as Hugo module Prerequisites Before starting, you need to have the following software installed:\nHugo (extended version) Git Go Steps Initialize a new Hugo site hugo new site my-site --format=yaml Configure Hextra theme via module # initialize hugo module cd my-site hugo mod init github.com/username/my-site # add Hextra theme hugo mod get github.com/imfing/hextra Configure hugo.yaml to use Hextra theme by adding the following:\nmodule: imports: - path: github.com/imfing/hextra Create your first content pages Create new content page for the home page and the documentation page:\nhugo new content/_index.md hugo new content/docs/_index.md Preview the site locally hugo server --buildDrafts --disableFastRender Voila, your new site preview is available at http://localhost:1313/.\nHow to update theme? To update all Hugo modules in your project to their latest versions, run the following command:\nhugo mod get -u To update Hextra to the latest released version, run the following command:\nhugo mod get -u github.com/imfing/hextra See Hugo Modules for more details.\nSetup Hextra as Git submodule Prerequisites Before starting, you need to have the following software installed:\nHugo (extended version) Git Steps Initialize a new Hugo site hugo new site my-site --format=yaml Add Hextra theme as a Git submodule git submodule add https://github.com/imfing/hextra.git themes/hextra Configure hugo.yaml to use Hextra theme by adding the following:\ntheme: hextra Create your first content pages Create new content page for the home page and the documentation page:\nhugo new content/_index.md hugo new content/docs/_index.md Preview the site locally hugo server --buildDrafts --disableFastRender Your new site preview is available at http://localhost:1313/.\nWhen using CI/CD for Hugo website deployment, it’s essential to ensure that the following command is executed before running the hugo command.\ngit submodule update --init Failure to run this command results in the theme folder not being populated with Hextra theme files, leading to a build failure.\nHow to update theme? To update all submodules in your repository to their latest commits, run the following command:\ngit submodule update --remote To update Hextra to the latest commit, run the following command:\ngit submodule update --remote themes/hextra See Git submodules for more details."},"title":"Getting Started"},"/en/setwallet/":{"data":{"":"","testnet#Testnet":"Testnet network name Magnet Chain RPC URL https://node01.magnetchain.xyz/rpc chain ID 115515 symbol Magnet Blockchain Explorer URL https://explorer.magnetchain.xyz/dashboard prepare metamask walet Deploy Wallet - Connect MetaMask to Magnet Blockchain To experience the DApps and services of the Magnet Blockchain, you first need to connect your MetaMask wallet to the Magnet network. MetaMask is a popular browser extension wallet that supports managing your digital assets and interacting with decentralized applications.\nStep 1: Download and Install MetaMask Wallet\nIf you haven’t installed MetaMask wallet yet, please visit the official MetaMask website https://metamask.io/ (please make sure to use the official website) to download and install the MetaMask browser extension.\nDepending on your browser type (Chrome, Firefox, Brave, Edge), select the corresponding MetaMask version for download. Follow the instructions on the official MetaMask website to complete the installation. After installation, the MetaMask fox icon will appear in your browser toolbar. Step 2: Open MetaMask Wallet and Connect Network\nAfter installation, click the MetaMask fox icon in your browser toolbar to open the MetaMask wallet.\nIf you are using MetaMask for the first time, you need to follow the prompts to create a new wallet or import an existing wallet. If you already have a MetaMask wallet, please enter your password to unlock the wallet. By default, MetaMask will connect to the Ethereum Mainnet. We need to manually add the Magnet Blockchain network. Step 3: Add Magnet Blockchain Custom RPC\nClick the “Ethereum Mainnet” network selection button at the top of the MetaMask wallet interface (it defaults to showing the name of the currently connected network). In the network list that pops up, scroll down to the bottom and click the “Add Network” button. You will enter the “Add Network” page. On the “Add Network” page, please fill in the following custom RPC information for the Magnet Blockchain network:\nAfter filling in, click the “Save” button.\nStep 4: Switch to Magnet Blockchain Network\nAfter saving successfully, you will return to the network list. Find the “Magnet Chain” you just added in the list and click it to switch to the Magnet Blockchain network."},"title":"Deploy Wallet"},"/en/showcase/":{"data":{"":" Open source projects powered by Hextra Model Context Protocol Specification cellular_raza Sidekick Install C AXIVO Docs Stanford CS 40 Helix Docs Clever Cloud Documentation OWASP AI Security and Privacy Guide Osuny Porter HITSZ OpenAuto LutheranConfessions Hextra Starter Template "},"title":"Showcase"}}