<rss version="2.0" xmlns:atom="http://www.w3.org/2005/Atom"><channel><title>Magnet – Magnet-home</title><link>https://www.magnetchain.xyz/</link><description>Recent content in Magnet-home on Magnet</description><generator>Hugo -- gohugo.io</generator><language>zh-CN</language><lastBuildDate>Wed, 12 Feb 2025 00:00:00 +0000</lastBuildDate><atom:link href="https://www.magnetchain.xyz/index.xml" rel="self" type="application/rss+xml"/><item><title>Magnet Chain 正式起航！</title><link>https://www.magnetchain.xyz/blog/projectstart/</link><pubDate>Wed, 12 Feb 2025 00:00:00 +0000</pubDate><guid>https://www.magnetchain.xyz/blog/projectstart/</guid><description>
&lt;h1>Magnet Chain 正式起航！&lt;/h1>&lt;p>我们团队非常激动地宣布，Magnet Chain 正式起航！欢迎各位加入我们的团队共同开发&lt;/p>
&lt;h2>Magnet Chain 简介&lt;span class="hx-absolute -hx-mt-20" id="magnet-chain-简介">&lt;/span>
&lt;a href="#magnet-chain-%e7%ae%80%e4%bb%8b" class="subheading-anchor" aria-label="Permalink for this section">&lt;/a>&lt;/h2>&lt;p>Magnet Chain 是一条采用 POS 共识机制的，兼容 EVM 的第一层区块链，具有高性能的特点，最高可支持 7000+ TPS。这意味着 MagnetChain 可以处理大量的交易，而无需用户承担高昂的 Gas 费用。&lt;/p>
&lt;p>Magnet 区块链原生代币 $MAG 总供应量设置为 2.1 亿枚，由 BSC 链上的 $MAG 代币一比一兑换而来。&lt;/p>
&lt;h2>Magnet 测试网已发布&lt;span class="hx-absolute -hx-mt-20" id="magnet-测试网已发布">&lt;/span>
&lt;a href="#magnet-%e6%b5%8b%e8%af%95%e7%bd%91%e5%b7%b2%e5%8f%91%e5%b8%83" class="subheading-anchor" aria-label="Permalink for this section">&lt;/a>&lt;/h2>&lt;p>为了让大家更好地体验 Magnet Chain 的强大功能，我们已经发布了 Magnet 测试网。欢迎大家踊跃参与测试，并提出宝贵的意见和建议。&lt;/p>
&lt;h2>我们的愿景&lt;span class="hx-absolute -hx-mt-20" id="我们的愿景">&lt;/span>
&lt;a href="#%e6%88%91%e4%bb%ac%e7%9a%84%e6%84%bf%e6%99%af" class="subheading-anchor" aria-label="Permalink for this section">&lt;/a>&lt;/h2>&lt;p>我们希望通过 Magnet Chain，构建更易用、更经济的区块链基础设施，赋能下一代去中心化应用蓬勃发展。我们相信，Magnet Chain 将为区块链技术的普及和应用做出积极的贡献。&lt;/p>
&lt;h2>欢迎来到 Magnet&lt;span class="hx-absolute -hx-mt-20" id="欢迎来到-magnet">&lt;/span>
&lt;a href="#%e6%ac%a2%e8%bf%8e%e6%9d%a5%e5%88%b0-magnet" class="subheading-anchor" aria-label="Permalink for this section">&lt;/a>&lt;/h2>&lt;p>体验更快、更低费的区块链！&lt;/p>
&lt;p>构建更易用、更经济的区块链基础设施！&lt;/p>
&lt;p>赋能下一代去中心化应用蓬勃发展！&lt;/p>
&lt;h2>了解更多&lt;span class="hx-absolute -hx-mt-20" id="了解更多">&lt;/span>
&lt;a href="#%e4%ba%86%e8%a7%a3%e6%9b%b4%e5%a4%9a" class="subheading-anchor" aria-label="Permalink for this section">&lt;/a>&lt;/h2>&lt;ul>
&lt;li>访问我们的网站：&lt;a href="https://www.magnetchain.xyz" target="_blank" rel="noopener">https://www.magnetchain.xyz&lt;/a>&lt;/li>
&lt;li>加入我们的社群：&lt;a href="https://t.me/magnet_chain_official" target="_blank" rel="noopener">https://t.me/magnet_chain_official&lt;/a>&lt;/li>
&lt;/ul>
&lt;p>我们期待与您一同探索 Magnet Chain 的无限可能！&lt;/p></description></item></channel></rss>