{"/about/":{"data":{"":"","联系我们--加入我们#联系我们 / 加入我们":"加入我们的 Telegram 官方社群，获取最新的项目动态、技术支持和社区交流。\nTelegram 加入我们的官方 X/Twitter ，获取最新媒体消息。\nX/Twitter 关于Magnet团队 Magnet 区块链团队深知，Web3 的未来不是单打独斗，而是社区共同建设的宏伟蓝图。我们秉持开放、协作、共赢的理念，积极拥抱社区的力量。 我们的团队不仅由核心开发者组成，更是一个开放的社区平台，欢迎所有对 Web3 充满热情的人们加入。 我们相信，社区的智慧和力量是无穷的。\n我们对 Web3 的未来充满乐观，这种乐观源于我们对社区的信任，以及对协同创新的坚定信念。 Magnet 区块链的每一步发展，都离不开社区的支持和参与。\n我们诚挚邀请您加入 Magnet 社区，与我们一同携手，共建 Web3 美好未来，让区块链技术真正惠及全球！"},"title":"关于我们"},"/blog/":{"data":{"":" RSS 订阅 "},"title":"博客"},"/docs/":{"data":{"":"👋 你好！欢迎来到 Magnet！","下一步#下一步":"立即深入以下部分，开始使用：\n入门指南学习如何使用Magnet构建Dapp Telegram X/Twitter ","什么是-magnet#什么是 Magnet？":"Magnet Chain是一条采用POS共识机制的，兼容evm的第一层区块链，具有高性能的特点，最高可支持7000tps。Magnet区块链原生代币$MAG总供应量设置为2.1亿枚，由BSC链上的$MAG代币一比一兑换而来     Magnet测试网已经发布，可以加入社区领取测试币。","有问题或反馈#有问题或反馈？":" ❓ Magnet 仍在积极开发中。 有问题或反馈？欢迎提交问题！ ","特性#特性":" 完全 EVM 兼容 - 100% 兼容以太坊虚拟机，无需修改即可迁移和部署 Solidity 应用 生态繁荣 - 坐享以太坊成熟的开发工具、社区资源和庞大用户群体，快速构建应用生态 兼容主流钱包 - 我们兼容市面上大多数去中心化钱包，比如metamsk,okx web3 wallet …… "},"title":"文档"},"/docs/advanced/":{"data":{"":"本节涵盖了一些主题的高级内容。\n多语言 自定义 评论系统 "},"title":"高级"},"/docs/advanced/comments/":{"data":{"":"Hextra 支持为您的网站添加评论系统。 目前支持 giscus。","giscus#giscus":"giscus 是一个由 GitHub Discussions 提供支持的评论系统。它是免费且开源的。\n要启用 giscus，您需要在网站配置文件中添加以下内容：\nhugo.yamlparams: comments: enable: false type: giscus giscus: repo: \u003c仓库\u003e repoId: \u003c仓库 ID\u003e category: \u003c分类\u003e categoryId: \u003c分类 ID\u003e giscus 的配置可以从 giscus.app 网站生成。更多详细信息也可以在那里找到。\n可以在页面的 front matter 中为特定页面启用或禁用评论：\ncontent/docs/about.md--- title: 关于 comments: true --- "},"title":"评论"},"/docs/advanced/customization/":{"data":{"":"Hextra 在 hugo.yaml 配置文件中提供了一些默认的自定义选项，用于配置主题。 本页描述了可用的选项以及如何进一步自定义主题。","自定义-css#自定义 CSS":"要添加自定义 CSS，我们需要在站点中创建一个文件 assets/css/custom.css。Hextra 会自动加载此文件。\n字体 内容的字体可以通过以下方式自定义：\nassets/css/custom.css.content { font-family: \"Times New Roman\", Times, serif; } 内联代码元素 与 其他文本 混合的文本颜色可以通过以下方式自定义：\nassets/css/custom.css.content code:not(.code-block code) { color: #c97c2e; } 主色调 主题的主色调可以通过设置 --primary-hue、--primary-saturation 和 --primary-lightness 变量来自定义：\nassets/css/custom.css:root { --primary-hue: 100deg; --primary-saturation: 90%; --primary-lightness: 50%; } 进一步的主题自定义 可以通过覆盖暴露的 CSS 类来进一步自定义主题。以下是一个自定义页脚元素的示例：\nassets/css/custom.css.hextra-footer { /* 样式将应用于页脚元素 */ } .hextra-footer:is(html[class~=\"dark\"] *) { /* 样式将应用于暗模式下的页脚元素 */ } 以下类可用于自定义主题的各个部分。\n通用 hextra-scrollbar - 滚动条元素 content - 页面内容容器 短代码 徽章 hextra-badge - 徽章元素 卡片 hextra-card - 卡片元素 hextra-card-image - 卡片图片元素 hextra-card-icon - 卡片图标元素 hextra-card-subtitle - 卡片副标题元素 卡片组 hextra-cards - 卡片网格容器 Jupyter Notebook hextra-jupyter-code-cell - Jupyter 代码单元容器 hextra-jupyter-code-cell-outputs-container - Jupyter 代码单元输出容器 hextra-jupyter-code-cell-outputs - Jupyter 代码单元输出 div 元素 PDF hextra-pdf - PDF 容器元素 步骤 steps - 步骤容器 标签页 hextra-tabs-panel - 标签页面板容器 hextra-tabs-toggle - 标签页切换按钮 文件树 hextra-filetree - 文件树容器 文件夹 hextra-filetree-folder - 文件树文件夹容器 导航栏 nav-container - 导航栏容器 nav-container-blur - 导航栏模糊元素 hamburger-menu - 汉堡菜单按钮 页脚 hextra-footer - 页脚元素 hextra-custom-footer - 自定义页脚部分容器 搜索 search-wrapper - 搜索包装容器 search-input - 搜索输入元素 search-results - 搜索结果列表容器 目录 hextra-toc - 目录容器 侧边栏 mobile-menu-overlay - 移动菜单的覆盖元素 sidebar-container - 侧边栏容器 sidebar-active-item - 侧边栏中的活动项 语言切换器 language-switcher - 语言切换按钮 language-options - 语言选项容器 主题切换 theme-toggle - 主题切换按钮 代码复制按钮 hextra-code-copy-btn-container - 代码复制按钮容器 hextra-code-copy-btn - 代码复制按钮 代码块 hextra-code-block - 代码块容器 功能卡片 hextra-feature-card - 功能卡片链接元素 功能网格 hextra-feature-grid - 功能网格容器 面包屑导航 面包屑导航没有特定的类。\n语法高亮 可用的语法高亮主题列表可在 Chroma 样式库 中找到。可以使用以下命令生成样式表：\nhugo gen chromastyles --style=github 要覆盖默认的语法高亮主题，可以将生成的样式添加到自定义 CSS 文件中。","自定义布局#自定义布局":"可以通过在站点的 layouts 目录中创建同名文件来覆盖主题的布局。 例如，要覆盖文档的 single.html 布局，可以在站点中创建文件 layouts/docs/single.html。\n更多信息，请参阅 [Hugo 模板文档][hugo-template-docs]。","自定义脚本#自定义脚本":"你可以通过添加以下文件在每个页面的 head 末尾添加自定义脚本：\nlayouts/partials/custom/head-end.html ","自定义页脚额外部分#自定义页脚额外部分":"你可以通过在站点中创建文件 layouts/partials/custom/footer.html 来在页脚中添加额外部分。\nlayouts/partials/custom/footer.html\u003c!-- 你的页脚元素在这里 --\u003e 添加的部分将出现在页脚的版权部分之前。 你可以使用 HTML 和 Hugo 模板语法 来添加自己的内容。\n页脚部分可用的 Hugo 变量有：.switchesVisible 和 .copyrightVisible。","进一步自定义#进一步自定义":"没有找到你想要的？欢迎 发起讨论 或为主题做出贡献！"},"title":"自定义"},"/docs/advanced/multi-language/":{"data":{"":"Hextra 支持使用 Hugo 的多语言模式创建多语言网站。","了解更多#了解更多":" Hugo 多语言模式 Hugo 多语言第一部分：内容翻译 Hugo 多语言第二部分：字符串本地化 ","启用多语言#启用多语言":"要使我们的网站支持多语言，我们需要告诉 Hugo 支持的语言。我们需要在站点配置文件中添加：\nhugo.yamldefaultContentLanguage: en languages: en: languageName: English weight: 1 fr: languageName: Français weight: 2 ja: languageName: 日本語 weight: 3 ","翻译字符串#翻译字符串":"要翻译其他地方的字符串，我们需要将翻译添加到相应的 i18n 文件中：\ni18n/fr.yamlreadMore: Lire la suite 主题中使用的字符串列表可以在 i18n/en.yaml 文件中找到。","翻译菜单项#翻译菜单项":"要翻译导航栏中的菜单项，我们需要设置 identifier 字段：\nhugo.yamlmenu: main: - identifier: documentation name: Documentation pageRef: /docs weight: 1 - identifier: blog name: Blog pageRef: /blog weight: 2 并在相应的 i18n 文件中进行翻译：\ni18n/fr.yamldocumentation: Documentation blog: Blog ","通过文件名管理翻译#通过文件名管理翻译":"Hugo 支持通过文件名管理翻译。例如，如果我们有一个英文文件 content/docs/_index.md，我们可以创建一个文件 content/docs/_index.fr.md 作为法语翻译。\ncontent docs _index.md _index.fr.md _index.ja.md 注意：Hugo 还支持通过内容目录进行翻译。"},"title":"多语言支持"},"/docs/getting-started/":{"data":{"":"","下一步#下一步":"探索以下部分以开始添加更多内容：\n组织文件 配置 Markdown ","从模板快速开始#从模板快速开始":" imfing/hextra-starter-template\n您可以通过使用上述模板仓库快速入门。\n我们提供了一个 GitHub Actions 工作流，可以帮助自动构建并将您的站点部署到 GitHub Pages，并免费托管。 更多选项，请查看 部署站点。\n🌐 演示 ↗","作为新项目开始#作为新项目开始":"有两种主要方式将 Hextra 主题添加到您的 Hugo 项目中：\nHugo 模块（推荐）：最简单且推荐的方法。Hugo 模块允许您直接从在线源拉取主题。主题会自动下载并由 Hugo 管理。\nGit 子模块：或者，将 Hextra 添加为 Git 子模块。主题由 Git 下载并存储在您项目的 themes 文件夹中。\n将 Hextra 设置为 Hugo 模块 先决条件 在开始之前，您需要安装以下软件：\nHugo（扩展版） Git Go 步骤 初始化一个新的 Hugo 站点 hugo new site my-site --format=yaml 通过模块配置 Hextra 主题 # 初始化 Hugo 模块 cd my-site hugo mod init github.com/username/my-site # 添加 Hextra 主题 hugo mod get github.com/imfing/hextra 配置 hugo.yaml 以使用 Hextra 主题，添加以下内容：\nmodule: imports: - path: github.com/imfing/hextra 创建您的内容页面 为主页和文档页面创建新的内容页面：\nhugo new content/_index.md hugo new content/docs/_index.md 本地预览站点 hugo server --buildDrafts --disableFastRender 恭喜，您的新站点预览可在 http://localhost:1313/ 查看。\n如何更新主题？ 要更新项目中所有 Hugo 模块到最新版本，请运行以下命令：\nhugo mod get -u 要将 Hextra 更新到 最新发布版本，请运行以下命令：\nhugo mod get -u github.com/imfing/hextra 有关更多详细信息，请参阅 Hugo 模块。\n将 Hextra 设置为 Git 子模块 先决条件 在开始之前，您需要安装以下软件：\nHugo（扩展版） Git 步骤 初始化一个新的 Hugo 站点 hugo new site my-site --format=yaml 将 Hextra 主题添加为 Git 子模块 git submodule add https://github.com/imfing/hextra.git themes/hextra 配置 hugo.yaml 以使用 Hextra 主题，添加以下内容：\ntheme: hextra 创建您的内容页面 为主页和文档页面创建新的内容页面：\nhugo new content/_index.md hugo new content/docs/_index.md 本地预览站点 hugo server --buildDrafts --disableFastRender 您的新站点预览可在 http://localhost:1313/ 查看。\n当使用 CI/CD 部署 Hugo 网站时，确保在运行 hugo 命令之前执行以下命令至关重要。\ngit submodule update --init 如果不运行此命令，主题文件夹将不会被 Hextra 主题文件填充，导致构建失败。\n如何更新主题？ 要更新仓库中所有子模块到最新提交，请运行以下命令：\ngit submodule update --remote 要将 Hextra 更新到最新提交，请运行以下命令：\ngit submodule update --remote themes/hextra 有关更多详细信息，请参阅 Git 子模块。"},"title":"入门指南"},"/setwallet/":{"data":{"":" 主网测试网 主网参数 网络名称 Magnet Mainnet 新的 RPC URL https://node01.magnetchain.xyz/ 链 ID 114514 货币符号 MAG 区块浏览器 URL https://explorer.magnetchain.xyz/ 测试网参数 网络名称 Magnet test 新的 RPC URL https://nodetest.magnetchain.xyz/rpc 链 ID 115515 货币符号 Magnet 区块浏览器 URL https://explorer.magnetchain.xyz/dashboard Metamask钱包部署教程 为了体验 Magnet 区块链的 DApp 和服务，你需要先将你的 MetaMask 钱包连接到 Magnet 网络。 MetaMask 是一款流行的浏览器扩展钱包，支持管理你的数字资产并与去中心化应用进行交互。\n步骤 1: 下载并安装 MetaMask 钱包\n如果你还没有安装 MetaMask 钱包，请访问 MetaMask 官方网站 https://metamask.io/ (请务必认准官方网址) 下载并安装 MetaMask 浏览器扩展。\n根据你的浏览器类型 (Chrome, Firefox, Brave, Edge)，选择对应的 MetaMask 版本进行下载。 按照 MetaMask 官方网站的指引完成安装。 安装完成后，MetaMask 狐狸头图标会出现在你的浏览器工具栏。 步骤 2: 打开 MetaMask 钱包并连接网络\n安装完成后，点击浏览器工具栏上的 MetaMask 狐狸头图标，打开 MetaMask 钱包。\n如果你是首次使用 MetaMask，需要按照提示创建新的钱包或导入已有的钱包。 如果你已有 MetaMask 钱包，请输入密码解锁钱包。 默认情况下，MetaMask 会连接到以太坊主网络 (Ethereum Mainnet)。 我们需要手动添加 Magnet 区块链网络。 步骤 3: 添加 Magnet 区块链自定义 RPC\n点击 MetaMask 钱包界面顶部的 “Ethereum Mainnet” 网络选择按钮 (默认显示为当前连接的网络名称)。 在弹出的网络列表中，向下拉到底部，点击 “添加网络 (Add Network)” 按钮。 你将进入 “添加网络” 页面。 请在 “添加网络” 页面中，填写以下 Magnet 区块链网络的自定义 RPC 信息：\n网络名称 (Network Name): Magnet Mainnet (你可以自定义网络名称，例如 Magnet 主网) 新的 RPC URL (New RPC URL): https://node01.magnetchain.xyz/ 链 ID (Chain ID): 114514 货币符号 (Currency Symbol): MAG 区块浏览器 URL (Block Explorer URL (Optional)): 区块链浏览器地址 (可选，建议填写，方便在区块浏览器上查询交易记录) 填写完成后，点击 “保存 (Save)” 按钮。\n步骤 4: 切换到 Magnet 区块链网络 保存成功后，你将返回网络列表。 在列表中找到你刚刚添加的 “Magnet Chain” ，点击即可切换到 Magnet 区块链网络。"},"title":"部署钱包"},"/showcase/":{"data":{"":" 由 Hextra 驱动的开源网站和项目。 AXIVO Docs Stanford CS 40 Helix Docs Clever Cloud Documentation OWASP AI Security and Privacy Guide Osuny Porter HITSZ OpenAuto LutheranConfessions Hextra Starter Template "},"title":"项目展示"}}