<rss version="2.0" xmlns:atom="http://www.w3.org/2005/Atom"><channel><title>Magnet BlockChain – Blockchain</title><link>https://www.magnetchain.xyz/en/tags/blockchain/</link><description>Recent content in Blockchain on Magnet BlockChain</description><generator>Hugo -- gohugo.io</generator><language>en</language><lastBuildDate>Wed, 12 Feb 2025 00:00:00 +0000</lastBuildDate><atom:link href="https://www.magnetchain.xyz/en/tags/blockchain/index.xml" rel="self" type="application/rss+xml"/><item><title>Magnetchain</title><link>https://www.magnetchain.xyz/en/blog/projectstart/</link><pubDate>Wed, 12 Feb 2025 00:00:00 +0000</pubDate><guid>https://www.magnetchain.xyz/en/blog/projectstart/</guid><description>
&lt;h1>Magnet Chain Takes Off!&lt;/h1>&lt;p>We are thrilled to announce the official launch of Magnet Chain! This is a significant milestone, marking a major step towards our vision of building a faster, lower-fee, and more accessible blockchain infrastructure.&lt;/p>
&lt;h2>Introducing Magnet Chain&lt;span class="hx-absolute -hx-mt-20" id="introducing-magnet-chain">&lt;/span>
&lt;a href="#introducing-magnet-chain" class="subheading-anchor" aria-label="Permalink for this section">&lt;/a>&lt;/h2>&lt;p>Magnet Chain is a Layer-1 blockchain that is both EVM-compatible and utilizes a Proof-of-Stake (PoS) consensus mechanism. It&amp;rsquo;s designed for high performance, capable of processing up to 7,000 transactions per second (TPS). This means Magnet Chain can handle a large volume of transactions without users having to deal with high gas fees.&lt;/p>
&lt;p>The total supply of Magnet&amp;rsquo;s native token, $MAG, is set at 210 million. It&amp;rsquo;s a 1:1 swap from the $MAG token on the BSC chain.&lt;/p>
&lt;h2>Magnet Testnet is Live&lt;span class="hx-absolute -hx-mt-20" id="magnet-testnet-is-live">&lt;/span>
&lt;a href="#magnet-testnet-is-live" class="subheading-anchor" aria-label="Permalink for this section">&lt;/a>&lt;/h2>&lt;p>To give everyone a chance to experience the power of Magnet Chain, we&amp;rsquo;ve launched our testnet. We encourage you to participate in the testing phase and share your valuable feedback.&lt;/p>
&lt;h2>Our Vision&lt;span class="hx-absolute -hx-mt-20" id="our-vision">&lt;/span>
&lt;a href="#our-vision" class="subheading-anchor" aria-label="Permalink for this section">&lt;/a>&lt;/h2>&lt;p>With Magnet Chain, we aim to create a more user-friendly and cost-effective blockchain infrastructure, empowering the next generation of decentralized applications (dApps) to thrive. We believe Magnet Chain will play a key role in the widespread adoption and use of blockchain technology.&lt;/p>
&lt;h2>Welcome to Magnet&lt;span class="hx-absolute -hx-mt-20" id="welcome-to-magnet">&lt;/span>
&lt;a href="#welcome-to-magnet" class="subheading-anchor" aria-label="Permalink for this section">&lt;/a>&lt;/h2>&lt;p>Experience a faster, lower-fee blockchain!&lt;/p>
&lt;p>Build on a more accessible, economical blockchain infrastructure!&lt;/p>
&lt;p>Empower the next wave of decentralized applications!&lt;/p>
&lt;h2>Learn More&lt;span class="hx-absolute -hx-mt-20" id="learn-more">&lt;/span>
&lt;a href="#learn-more" class="subheading-anchor" aria-label="Permalink for this section">&lt;/a>&lt;/h2>&lt;ul>
&lt;li>Visit our website: &lt;a href="https://www.magnetchain.xyz" target="_blank" rel="noopener">https://www.magnetchain.xyz&lt;/a>&lt;/li>
&lt;li>Join our community: &lt;a href="https://t.me/magnet_chain_official" target="_blank" rel="noopener">https://t.me/magnet_chain_official&lt;/a>&lt;/li>
&lt;/ul>
&lt;p>We&amp;rsquo;re excited to explore the endless possibilities of Magnet Chain with you!&lt;/p></description></item></channel></rss>