<rss version="2.0" xmlns:atom="http://www.w3.org/2005/Atom"><channel><title>Magnet – 介绍</title><link>https://www.magnetchain.xyz/docs/</link><description>Recent content in 介绍 on Magnet</description><generator>Hugo -- gohugo.io</generator><language>zh-CN</language><atom:link href="https://www.magnetchain.xyz/docs/index.xml" rel="self" type="application/rss+xml"/><item><title>多语言支持</title><link>https://www.magnetchain.xyz/docs/advanced/multi-language/</link><pubDate>Mon, 01 Jan 0001 00:00:00 +0000</pubDate><guid>https://www.magnetchain.xyz/docs/advanced/multi-language/</guid><description>
&lt;p>Hextra 支持使用 Hugo 的&lt;a href="https://gohugo.io/content-management/multilingual/" target="_blank" rel="noopener">多语言模式&lt;/a>创建多语言网站。&lt;/p>
&lt;h2>启用多语言&lt;span class="hx-absolute -hx-mt-20" id="启用多语言">&lt;/span>
&lt;a href="#%e5%90%af%e7%94%a8%e5%a4%9a%e8%af%ad%e8%a8%80" class="subheading-anchor" aria-label="Permalink for this section">&lt;/a>&lt;/h2>&lt;p>要使我们的网站支持多语言，我们需要告诉 Hugo 支持的语言。我们需要在站点配置文件中添加：&lt;/p>
&lt;div class="hextra-code-block hx-relative hx-mt-6 first:hx-mt-0 hx-group/code">
&lt;div class="filename not-prose" dir="auto">hugo.yaml&lt;/div>&lt;div>&lt;div class="highlight">&lt;pre tabindex="0" class="chroma">&lt;code class="language-yaml" data-lang="yaml">&lt;span class="line">&lt;span class="cl">&lt;span class="nt">defaultContentLanguage&lt;/span>&lt;span class="p">:&lt;/span>&lt;span class="w"> &lt;/span>&lt;span class="l">en&lt;/span>&lt;span class="w">
&lt;/span>&lt;/span>&lt;/span>&lt;span class="line">&lt;span class="cl">&lt;span class="w">&lt;/span>&lt;span class="nt">languages&lt;/span>&lt;span class="p">:&lt;/span>&lt;span class="w">
&lt;/span>&lt;/span>&lt;/span>&lt;span class="line">&lt;span class="cl">&lt;span class="w"> &lt;/span>&lt;span class="nt">en&lt;/span>&lt;span class="p">:&lt;/span>&lt;span class="w">
&lt;/span>&lt;/span>&lt;/span>&lt;span class="line">&lt;span class="cl">&lt;span class="w"> &lt;/span>&lt;span class="nt">languageName&lt;/span>&lt;span class="p">:&lt;/span>&lt;span class="w"> &lt;/span>&lt;span class="l">English&lt;/span>&lt;span class="w">
&lt;/span>&lt;/span>&lt;/span>&lt;span class="line">&lt;span class="cl">&lt;span class="w"> &lt;/span>&lt;span class="nt">weight&lt;/span>&lt;span class="p">:&lt;/span>&lt;span class="w"> &lt;/span>&lt;span class="m">1&lt;/span>&lt;span class="w">
&lt;/span>&lt;/span>&lt;/span>&lt;span class="line">&lt;span class="cl">&lt;span class="w"> &lt;/span>&lt;span class="nt">fr&lt;/span>&lt;span class="p">:&lt;/span>&lt;span class="w">
&lt;/span>&lt;/span>&lt;/span>&lt;span class="line">&lt;span class="cl">&lt;span class="w"> &lt;/span>&lt;span class="nt">languageName&lt;/span>&lt;span class="p">:&lt;/span>&lt;span class="w"> &lt;/span>&lt;span class="l">Français&lt;/span>&lt;span class="w">
&lt;/span>&lt;/span>&lt;/span>&lt;span class="line">&lt;span class="cl">&lt;span class="w"> &lt;/span>&lt;span class="nt">weight&lt;/span>&lt;span class="p">:&lt;/span>&lt;span class="w"> &lt;/span>&lt;span class="m">2&lt;/span>&lt;span class="w">
&lt;/span>&lt;/span>&lt;/span>&lt;span class="line">&lt;span class="cl">&lt;span class="w"> &lt;/span>&lt;span class="nt">ja&lt;/span>&lt;span class="p">:&lt;/span>&lt;span class="w">
&lt;/span>&lt;/span>&lt;/span>&lt;span class="line">&lt;span class="cl">&lt;span class="w"> &lt;/span>&lt;span class="nt">languageName&lt;/span>&lt;span class="p">:&lt;/span>&lt;span class="w"> &lt;/span>&lt;span class="l">日本語&lt;/span>&lt;span class="w">
&lt;/span>&lt;/span>&lt;/span>&lt;span class="line">&lt;span class="cl">&lt;span class="w"> &lt;/span>&lt;span class="nt">weight&lt;/span>&lt;span class="p">:&lt;/span>&lt;span class="w"> &lt;/span>&lt;span class="m">3&lt;/span>&lt;/span>&lt;/span>&lt;/code>&lt;/pre>&lt;/div>&lt;/div>&lt;div class="hextra-code-copy-btn-container hx-opacity-0 hx-transition group-hover/code:hx-opacity-100 hx-flex hx-gap-1 hx-absolute hx-m-[11px] hx-right-0 hx-top-8">
&lt;button
class="hextra-code-copy-btn hx-group/copybtn hx-transition-all active:hx-opacity-50 hx-bg-primary-700/5 hx-border hx-border-black/5 hx-text-gray-600 hover:hx-text-gray-900 hx-rounded-md hx-p-1.5 dark:hx-bg-primary-300/10 dark:hx-border-white/10 dark:hx-text-gray-400 dark:hover:hx-text-gray-50"
title="Copy code"
>
&lt;div class="copy-icon group-[.copied]/copybtn:hx-hidden hx-pointer-events-none hx-h-4 hx-w-4">&lt;/div>
&lt;div class="success-icon hx-hidden group-[.copied]/copybtn:hx-block hx-pointer-events-none hx-h-4 hx-w-4">&lt;/div>
&lt;/button>
&lt;/div>
&lt;/div>
&lt;h2>通过文件名管理翻译&lt;span class="hx-absolute -hx-mt-20" id="通过文件名管理翻译">&lt;/span>
&lt;a href="#%e9%80%9a%e8%bf%87%e6%96%87%e4%bb%b6%e5%90%8d%e7%ae%a1%e7%90%86%e7%bf%bb%e8%af%91" class="subheading-anchor" aria-label="Permalink for this section">&lt;/a>&lt;/h2>&lt;p>Hugo 支持通过文件名管理翻译。例如，如果我们有一个英文文件 &lt;code>content/docs/_index.md&lt;/code>，我们可以创建一个文件 &lt;code>content/docs/_index.fr.md&lt;/code> 作为法语翻译。&lt;/p>
&lt;div class="hextra-filetree hx-mt-6 hx-select-none hx-text-sm hx-text-gray-800 dark:hx-text-gray-300 not-prose">
&lt;div class="hx-inline-block hx-rounded-lg hx-border hx-px-4 hx-py-2 dark:hx-border-neutral-800">
&lt;li class="hx-group hx-flex hx-list-none hx-flex-col">
&lt;button class="hextra-filetree-folder hx-inline-flex hx-cursor-pointer hx-items-center hx-py-1 hover:hx-opacity-60">
&lt;span data-state="open" class="data-[state=open]:hx-hidden">&lt;svg width=1em xmlns="http://www.w3.org/2000/svg" fill="none" viewBox="0 0 24 24" stroke-width="2" stroke="currentColor" aria-hidden="true">&lt;path stroke-linecap="round" stroke-linejoin="round" d="M3 7v10a2 2 0 002 2h14a2 2 0 002-2V9a2 2 0 00-2-2h-6l-2-2H5a2 2 0 00-2 2z"/>&lt;/svg>&lt;/span>
&lt;span data-state="open" class="data-[state=closed]:hx-hidden">&lt;svg width=1em xmlns="http://www.w3.org/2000/svg" fill="none" viewBox="0 0 24 24" stroke-width="2" stroke="currentColor" aria-hidden="true">&lt;path stroke-linecap="round" stroke-linejoin="round" d="M5 19a2 2 0 01-2-2V7a2 2 0 012-2h4l2 2h4a2 2 0 012 2v1M5 19h14a2 2 0 002-2v-5a2 2 0 00-2-2H9a2 2 0 00-2 2v5a2 2 0 01-2 2z"/>&lt;/svg>&lt;/span>
&lt;span class="ltr:hx-ml-1 rtl:hx-mr-1">content&lt;/span>
&lt;/button>
&lt;ul data-state="open" class="ltr:hx-pl-5 rtl:hx-pr-5 data-[state=closed]:hx-hidden">
&lt;li class="hx-group hx-flex hx-list-none hx-flex-col">
&lt;button class="hextra-filetree-folder hx-inline-flex hx-cursor-pointer hx-items-center hx-py-1 hover:hx-opacity-60">
&lt;span data-state="open" class="data-[state=open]:hx-hidden">&lt;svg width=1em xmlns="http://www.w3.org/2000/svg" fill="none" viewBox="0 0 24 24" stroke-width="2" stroke="currentColor" aria-hidden="true">&lt;path stroke-linecap="round" stroke-linejoin="round" d="M3 7v10a2 2 0 002 2h14a2 2 0 002-2V9a2 2 0 00-2-2h-6l-2-2H5a2 2 0 00-2 2z"/>&lt;/svg>&lt;/span>
&lt;span data-state="open" class="data-[state=closed]:hx-hidden">&lt;svg width=1em xmlns="http://www.w3.org/2000/svg" fill="none" viewBox="0 0 24 24" stroke-width="2" stroke="currentColor" aria-hidden="true">&lt;path stroke-linecap="round" stroke-linejoin="round" d="M5 19a2 2 0 01-2-2V7a2 2 0 012-2h4l2 2h4a2 2 0 012 2v1M5 19h14a2 2 0 002-2v-5a2 2 0 00-2-2H9a2 2 0 00-2 2v5a2 2 0 01-2 2z"/>&lt;/svg>&lt;/span>
&lt;span class="ltr:hx-ml-1 rtl:hx-mr-1">docs&lt;/span>
&lt;/button>
&lt;ul data-state="open" class="ltr:hx-pl-5 rtl:hx-pr-5 data-[state=closed]:hx-hidden">
&lt;li class="hx-flex hx-list-none">
&lt;span class="hx-inline-flex hx-cursor-default hx-items-center hx-py-1">&lt;svg width=1em xmlns="http://www.w3.org/2000/svg" fill="none" viewBox="0 0 24 24" stroke-width="2" stroke="currentColor" aria-hidden="true">&lt;path stroke-linecap="round" stroke-linejoin="round" d="M9 12h6m-6 4h6m2 5H7a2 2 0 01-2-2V5a2 2 0 012-2h5.586a1 1 0 01.707.293l5.414 5.414a1 1 0 01.293.707V19a2 2 0 01-2 2z"/>&lt;/svg>&lt;span class="ltr:hx-ml-1 rtl:hx-mr-1">_index.md&lt;/span>
&lt;/span>
&lt;/li>
&lt;li class="hx-flex hx-list-none">
&lt;span class="hx-inline-flex hx-cursor-default hx-items-center hx-py-1">&lt;svg width=1em xmlns="http://www.w3.org/2000/svg" fill="none" viewBox="0 0 24 24" stroke-width="2" stroke="currentColor" aria-hidden="true">&lt;path stroke-linecap="round" stroke-linejoin="round" d="M9 12h6m-6 4h6m2 5H7a2 2 0 01-2-2V5a2 2 0 012-2h5.586a1 1 0 01.707.293l5.414 5.414a1 1 0 01.293.707V19a2 2 0 01-2 2z"/>&lt;/svg>&lt;span class="ltr:hx-ml-1 rtl:hx-mr-1">_index.fr.md&lt;/span>
&lt;/span>
&lt;/li>
&lt;li class="hx-flex hx-list-none">
&lt;span class="hx-inline-flex hx-cursor-default hx-items-center hx-py-1">&lt;svg width=1em xmlns="http://www.w3.org/2000/svg" fill="none" viewBox="0 0 24 24" stroke-width="2" stroke="currentColor" aria-hidden="true">&lt;path stroke-linecap="round" stroke-linejoin="round" d="M9 12h6m-6 4h6m2 5H7a2 2 0 01-2-2V5a2 2 0 012-2h5.586a1 1 0 01.707.293l5.414 5.414a1 1 0 01.293.707V19a2 2 0 01-2 2z"/>&lt;/svg>&lt;span class="ltr:hx-ml-1 rtl:hx-mr-1">_index.ja.md&lt;/span>
&lt;/span>
&lt;/li>
&lt;/ul>
&lt;/li>
&lt;/ul>
&lt;/li>
&lt;/div>
&lt;/div>
&lt;p>注意：Hugo 还支持&lt;a href="https://gohugo.io/content-management/multilingual/#translation-by-content-directory" target="_blank" rel="noopener">通过内容目录进行翻译&lt;/a>。&lt;/p>
&lt;h2>翻译菜单项&lt;span class="hx-absolute -hx-mt-20" id="翻译菜单项">&lt;/span>
&lt;a href="#%e7%bf%bb%e8%af%91%e8%8f%9c%e5%8d%95%e9%a1%b9" class="subheading-anchor" aria-label="Permalink for this section">&lt;/a>&lt;/h2>&lt;p>要翻译导航栏中的菜单项，我们需要设置 &lt;code>identifier&lt;/code> 字段：&lt;/p>
&lt;div class="hextra-code-block hx-relative hx-mt-6 first:hx-mt-0 hx-group/code">
&lt;div class="filename not-prose" dir="auto">hugo.yaml&lt;/div>&lt;div>&lt;div class="highlight">&lt;pre tabindex="0" class="chroma">&lt;code class="language-yaml" data-lang="yaml">&lt;span class="line">&lt;span class="cl">&lt;span class="nt">menu&lt;/span>&lt;span class="p">:&lt;/span>&lt;span class="w">
&lt;/span>&lt;/span>&lt;/span>&lt;span class="line">&lt;span class="cl">&lt;span class="w"> &lt;/span>&lt;span class="nt">main&lt;/span>&lt;span class="p">:&lt;/span>&lt;span class="w">
&lt;/span>&lt;/span>&lt;/span>&lt;span class="line">&lt;span class="cl">&lt;span class="w"> &lt;/span>- &lt;span class="nt">identifier&lt;/span>&lt;span class="p">:&lt;/span>&lt;span class="w"> &lt;/span>&lt;span class="l">documentation&lt;/span>&lt;span class="w">
&lt;/span>&lt;/span>&lt;/span>&lt;span class="line">&lt;span class="cl">&lt;span class="w"> &lt;/span>&lt;span class="nt">name&lt;/span>&lt;span class="p">:&lt;/span>&lt;span class="w"> &lt;/span>&lt;span class="l">Documentation&lt;/span>&lt;span class="w">
&lt;/span>&lt;/span>&lt;/span>&lt;span class="line">&lt;span class="cl">&lt;span class="w"> &lt;/span>&lt;span class="nt">pageRef&lt;/span>&lt;span class="p">:&lt;/span>&lt;span class="w"> &lt;/span>&lt;span class="l">/docs&lt;/span>&lt;span class="w">
&lt;/span>&lt;/span>&lt;/span>&lt;span class="line">&lt;span class="cl">&lt;span class="w"> &lt;/span>&lt;span class="nt">weight&lt;/span>&lt;span class="p">:&lt;/span>&lt;span class="w"> &lt;/span>&lt;span class="m">1&lt;/span>&lt;span class="w">
&lt;/span>&lt;/span>&lt;/span>&lt;span class="line">&lt;span class="cl">&lt;span class="w"> &lt;/span>- &lt;span class="nt">identifier&lt;/span>&lt;span class="p">:&lt;/span>&lt;span class="w"> &lt;/span>&lt;span class="l">blog&lt;/span>&lt;span class="w">
&lt;/span>&lt;/span>&lt;/span>&lt;span class="line">&lt;span class="cl">&lt;span class="w"> &lt;/span>&lt;span class="nt">name&lt;/span>&lt;span class="p">:&lt;/span>&lt;span class="w"> &lt;/span>&lt;span class="l">Blog&lt;/span>&lt;span class="w">
&lt;/span>&lt;/span>&lt;/span>&lt;span class="line">&lt;span class="cl">&lt;span class="w"> &lt;/span>&lt;span class="nt">pageRef&lt;/span>&lt;span class="p">:&lt;/span>&lt;span class="w"> &lt;/span>&lt;span class="l">/blog&lt;/span>&lt;span class="w">
&lt;/span>&lt;/span>&lt;/span>&lt;span class="line">&lt;span class="cl">&lt;span class="w"> &lt;/span>&lt;span class="nt">weight&lt;/span>&lt;span class="p">:&lt;/span>&lt;span class="w"> &lt;/span>&lt;span class="m">2&lt;/span>&lt;/span>&lt;/span>&lt;/code>&lt;/pre>&lt;/div>&lt;/div>&lt;div class="hextra-code-copy-btn-container hx-opacity-0 hx-transition group-hover/code:hx-opacity-100 hx-flex hx-gap-1 hx-absolute hx-m-[11px] hx-right-0 hx-top-8">
&lt;button
class="hextra-code-copy-btn hx-group/copybtn hx-transition-all active:hx-opacity-50 hx-bg-primary-700/5 hx-border hx-border-black/5 hx-text-gray-600 hover:hx-text-gray-900 hx-rounded-md hx-p-1.5 dark:hx-bg-primary-300/10 dark:hx-border-white/10 dark:hx-text-gray-400 dark:hover:hx-text-gray-50"
title="Copy code"
>
&lt;div class="copy-icon group-[.copied]/copybtn:hx-hidden hx-pointer-events-none hx-h-4 hx-w-4">&lt;/div>
&lt;div class="success-icon hx-hidden group-[.copied]/copybtn:hx-block hx-pointer-events-none hx-h-4 hx-w-4">&lt;/div>
&lt;/button>
&lt;/div>
&lt;/div>
&lt;p>并在相应的 i18n 文件中进行翻译：&lt;/p>
&lt;div class="hextra-code-block hx-relative hx-mt-6 first:hx-mt-0 hx-group/code">
&lt;div class="filename not-prose" dir="auto">i18n/fr.yaml&lt;/div>&lt;div>&lt;div class="highlight">&lt;pre tabindex="0" class="chroma">&lt;code class="language-yaml" data-lang="yaml">&lt;span class="line">&lt;span class="cl">&lt;span class="nt">documentation&lt;/span>&lt;span class="p">:&lt;/span>&lt;span class="w"> &lt;/span>&lt;span class="l">Documentation&lt;/span>&lt;span class="w">
&lt;/span>&lt;/span>&lt;/span>&lt;span class="line">&lt;span class="cl">&lt;span class="w">&lt;/span>&lt;span class="nt">blog&lt;/span>&lt;span class="p">:&lt;/span>&lt;span class="w"> &lt;/span>&lt;span class="l">Blog&lt;/span>&lt;/span>&lt;/span>&lt;/code>&lt;/pre>&lt;/div>&lt;/div>&lt;div class="hextra-code-copy-btn-container hx-opacity-0 hx-transition group-hover/code:hx-opacity-100 hx-flex hx-gap-1 hx-absolute hx-m-[11px] hx-right-0 hx-top-8">
&lt;button
class="hextra-code-copy-btn hx-group/copybtn hx-transition-all active:hx-opacity-50 hx-bg-primary-700/5 hx-border hx-border-black/5 hx-text-gray-600 hover:hx-text-gray-900 hx-rounded-md hx-p-1.5 dark:hx-bg-primary-300/10 dark:hx-border-white/10 dark:hx-text-gray-400 dark:hover:hx-text-gray-50"
title="Copy code"
>
&lt;div class="copy-icon group-[.copied]/copybtn:hx-hidden hx-pointer-events-none hx-h-4 hx-w-4">&lt;/div>
&lt;div class="success-icon hx-hidden group-[.copied]/copybtn:hx-block hx-pointer-events-none hx-h-4 hx-w-4">&lt;/div>
&lt;/button>
&lt;/div>
&lt;/div>
&lt;h2>翻译字符串&lt;span class="hx-absolute -hx-mt-20" id="翻译字符串">&lt;/span>
&lt;a href="#%e7%bf%bb%e8%af%91%e5%ad%97%e7%ac%a6%e4%b8%b2" class="subheading-anchor" aria-label="Permalink for this section">&lt;/a>&lt;/h2>&lt;p>要翻译其他地方的字符串，我们需要将翻译添加到相应的 i18n 文件中：&lt;/p>
&lt;div class="hextra-code-block hx-relative hx-mt-6 first:hx-mt-0 hx-group/code">
&lt;div class="filename not-prose" dir="auto">i18n/fr.yaml&lt;/div>&lt;div>&lt;div class="highlight">&lt;pre tabindex="0" class="chroma">&lt;code class="language-yaml" data-lang="yaml">&lt;span class="line">&lt;span class="cl">&lt;span class="nt">readMore&lt;/span>&lt;span class="p">:&lt;/span>&lt;span class="w"> &lt;/span>&lt;span class="l">Lire la suite&lt;/span>&lt;/span>&lt;/span>&lt;/code>&lt;/pre>&lt;/div>&lt;/div>&lt;div class="hextra-code-copy-btn-container hx-opacity-0 hx-transition group-hover/code:hx-opacity-100 hx-flex hx-gap-1 hx-absolute hx-m-[11px] hx-right-0 hx-top-8">
&lt;button
class="hextra-code-copy-btn hx-group/copybtn hx-transition-all active:hx-opacity-50 hx-bg-primary-700/5 hx-border hx-border-black/5 hx-text-gray-600 hover:hx-text-gray-900 hx-rounded-md hx-p-1.5 dark:hx-bg-primary-300/10 dark:hx-border-white/10 dark:hx-text-gray-400 dark:hover:hx-text-gray-50"
title="Copy code"
>
&lt;div class="copy-icon group-[.copied]/copybtn:hx-hidden hx-pointer-events-none hx-h-4 hx-w-4">&lt;/div>
&lt;div class="success-icon hx-hidden group-[.copied]/copybtn:hx-block hx-pointer-events-none hx-h-4 hx-w-4">&lt;/div>
&lt;/button>
&lt;/div>
&lt;/div>
&lt;p>主题中使用的字符串列表可以在 &lt;code>i18n/en.yaml&lt;/code> 文件中找到。&lt;/p>
&lt;h2>了解更多&lt;span class="hx-absolute -hx-mt-20" id="了解更多">&lt;/span>
&lt;a href="#%e4%ba%86%e8%a7%a3%e6%9b%b4%e5%a4%9a" class="subheading-anchor" aria-label="Permalink for this section">&lt;/a>&lt;/h2>&lt;ul>
&lt;li>&lt;a href="https://gohugo.io/content-management/multilingual/" target="_blank" rel="noopener">Hugo 多语言模式&lt;/a>&lt;/li>
&lt;li>&lt;a href="https://www.regisphilibert.com/blog/2018/08/hugo-multilingual-part-1-managing-content-translation/" target="_blank" rel="noopener">Hugo 多语言第一部分：内容翻译&lt;/a>&lt;/li>
&lt;li>&lt;a href="https://www.regisphilibert.com/blog/2018/08/hugo-multilingual-part-2-i18n-string-localization/" target="_blank" rel="noopener">Hugo 多语言第二部分：字符串本地化&lt;/a>&lt;/li>
&lt;/ul></description></item><item><title>入门指南</title><link>https://www.magnetchain.xyz/docs/getting-started/</link><pubDate>Mon, 01 Jan 0001 00:00:00 +0000</pubDate><guid>https://www.magnetchain.xyz/docs/getting-started/</guid><description>
&lt;h2>从模板快速开始&lt;span class="hx-absolute -hx-mt-20" id="从模板快速开始">&lt;/span>
&lt;a href="#%e4%bb%8e%e6%a8%a1%e6%9d%bf%e5%bf%ab%e9%80%9f%e5%bc%80%e5%a7%8b" class="subheading-anchor" aria-label="Permalink for this section">&lt;/a>&lt;/h2>&lt;p>&lt;span class="hx-inline-block hx-align-text-bottom icon">&lt;svg height=1em fill="currentColor" viewBox="3 3 18 18">
&lt;path d="M12 3C7.0275 3 3 7.12937 3 12.2276C3 16.3109 5.57625 19.7597 9.15374 20.9824C9.60374 21.0631 9.77249 20.7863 9.77249 20.5441C9.77249 20.3249 9.76125 19.5982 9.76125 18.8254C7.5 19.2522 6.915 18.2602 6.735 17.7412C6.63375 17.4759 6.19499 16.6569 5.8125 16.4378C5.4975 16.2647 5.0475 15.838 5.80124 15.8264C6.51 15.8149 7.01625 16.4954 7.18499 16.7723C7.99499 18.1679 9.28875 17.7758 9.80625 17.5335C9.885 16.9337 10.1212 16.53 10.38 16.2993C8.3775 16.0687 6.285 15.2728 6.285 11.7432C6.285 10.7397 6.63375 9.9092 7.20749 9.26326C7.1175 9.03257 6.8025 8.08674 7.2975 6.81794C7.2975 6.81794 8.05125 6.57571 9.77249 7.76377C10.4925 7.55615 11.2575 7.45234 12.0225 7.45234C12.7875 7.45234 13.5525 7.55615 14.2725 7.76377C15.9937 6.56418 16.7475 6.81794 16.7475 6.81794C17.2424 8.08674 16.9275 9.03257 16.8375 9.26326C17.4113 9.9092 17.76 10.7281 17.76 11.7432C17.76 15.2843 15.6563 16.0687 13.6537 16.2993C13.98 16.5877 14.2613 17.1414 14.2613 18.0065C14.2613 19.2407 14.25 20.2326 14.25 20.5441C14.25 20.7863 14.4188 21.0746 14.8688 20.9824C16.6554 20.364 18.2079 19.1866 19.3078 17.6162C20.4077 16.0457 20.9995 14.1611 21 12.2276C21 7.12937 16.9725 3 12 3Z">&lt;/path>
&lt;/svg>
&lt;/span>
 &lt;a href="https://github.com/imfing/hextra-starter-template" target="_blank" rel="noopener">imfing/hextra-starter-template&lt;/a>&lt;/p>
&lt;p>您可以通过使用上述模板仓库快速入门。&lt;/p>
&lt;img src="https://docs.github.com/assets/cb-77734/mw-1440/images/help/repository/use-this-template-button.webp" width="500">
&lt;p>我们提供了一个 &lt;a href="https://docs.github.com/en/pages/getting-started-with-github-pages/configuring-a-publishing-source-for-your-github-pages-site#publishing-with-a-custom-github-actions-workflow" target="_blank" rel="noopener">GitHub Actions 工作流&lt;/a>，可以帮助自动构建并将您的站点部署到 GitHub Pages，并免费托管。
更多选项，请查看 &lt;a href="../guide/deploy-site" >部署站点&lt;/a>。&lt;/p>
&lt;p>&lt;a href="https://imfing.github.io/hextra-starter-template/" target="_blank" rel="noopener">🌐 演示 ↗&lt;/a>&lt;/p>
&lt;h2>作为新项目开始&lt;span class="hx-absolute -hx-mt-20" id="作为新项目开始">&lt;/span>
&lt;a href="#%e4%bd%9c%e4%b8%ba%e6%96%b0%e9%a1%b9%e7%9b%ae%e5%bc%80%e5%a7%8b" class="subheading-anchor" aria-label="Permalink for this section">&lt;/a>&lt;/h2>&lt;p>有两种主要方式将 Hextra 主题添加到您的 Hugo 项目中：&lt;/p>
&lt;ol>
&lt;li>
&lt;p>&lt;strong>Hugo 模块（推荐）&lt;/strong>：最简单且推荐的方法。&lt;a href="https://gohugo.io/hugo-modules/" target="_blank" rel="noopener">Hugo 模块&lt;/a>允许您直接从在线源拉取主题。主题会自动下载并由 Hugo 管理。&lt;/p>
&lt;/li>
&lt;li>
&lt;p>&lt;strong>Git 子模块&lt;/strong>：或者，将 Hextra 添加为 &lt;a href="https://git-scm.com/book/en/v2/Git-Tools-Submodules" target="_blank" rel="noopener">Git 子模块&lt;/a>。主题由 Git 下载并存储在您项目的 &lt;code>themes&lt;/code> 文件夹中。&lt;/p>
&lt;/li>
&lt;/ol>
&lt;h3>将 Hextra 设置为 Hugo 模块&lt;span class="hx-absolute -hx-mt-20" id="将-hextra-设置为-hugo-模块">&lt;/span>
&lt;a href="#%e5%b0%86-hextra-%e8%ae%be%e7%bd%ae%e4%b8%ba-hugo-%e6%a8%a1%e5%9d%97" class="subheading-anchor" aria-label="Permalink for this section">&lt;/a>&lt;/h3>&lt;h4>先决条件&lt;span class="hx-absolute -hx-mt-20" id="先决条件">&lt;/span>
&lt;a href="#%e5%85%88%e5%86%b3%e6%9d%a1%e4%bb%b6" class="subheading-anchor" aria-label="Permalink for this section">&lt;/a>&lt;/h4>&lt;p>在开始之前，您需要安装以下软件：&lt;/p>
&lt;ul>
&lt;li>&lt;a href="https://gohugo.io/installation/" target="_blank" rel="noopener">Hugo（扩展版）&lt;/a>&lt;/li>
&lt;li>&lt;a href="https://git-scm.com/" target="_blank" rel="noopener">Git&lt;/a>&lt;/li>
&lt;li>&lt;a href="https://go.dev/" target="_blank" rel="noopener">Go&lt;/a>&lt;/li>
&lt;/ul>
&lt;h4>步骤&lt;span class="hx-absolute -hx-mt-20" id="步骤">&lt;/span>
&lt;a href="#%e6%ad%a5%e9%aa%a4" class="subheading-anchor" aria-label="Permalink for this section">&lt;/a>&lt;/h4>&lt;div class="steps hx-ml-4 hx-mb-12 ltr:hx-border-l rtl:hx-border-r hx-border-gray-200 ltr:hx-pl-6 rtl:hx-pr-6 dark:hx-border-neutral-800 [counter-reset:step]">
&lt;h3>初始化一个新的 Hugo 站点&lt;span class="hx-absolute -hx-mt-20" id="初始化一个新的-hugo-站点">&lt;/span>
&lt;a href="#%e5%88%9d%e5%a7%8b%e5%8c%96%e4%b8%80%e4%b8%aa%e6%96%b0%e7%9a%84-hugo-%e7%ab%99%e7%82%b9" class="subheading-anchor" aria-label="Permalink for this section">&lt;/a>&lt;/h3>&lt;div class="hextra-code-block hx-relative hx-mt-6 first:hx-mt-0 hx-group/code">
&lt;div>&lt;div class="highlight">&lt;pre tabindex="0" class="chroma">&lt;code class="language-shell" data-lang="shell">&lt;span class="line">&lt;span class="cl">hugo new site my-site --format&lt;span class="o">=&lt;/span>yaml&lt;/span>&lt;/span>&lt;/code>&lt;/pre>&lt;/div>&lt;/div>&lt;div class="hextra-code-copy-btn-container hx-opacity-0 hx-transition group-hover/code:hx-opacity-100 hx-flex hx-gap-1 hx-absolute hx-m-[11px] hx-right-0 hx-top-0">
&lt;button
class="hextra-code-copy-btn hx-group/copybtn hx-transition-all active:hx-opacity-50 hx-bg-primary-700/5 hx-border hx-border-black/5 hx-text-gray-600 hover:hx-text-gray-900 hx-rounded-md hx-p-1.5 dark:hx-bg-primary-300/10 dark:hx-border-white/10 dark:hx-text-gray-400 dark:hover:hx-text-gray-50"
title="Copy code"
>
&lt;div class="copy-icon group-[.copied]/copybtn:hx-hidden hx-pointer-events-none hx-h-4 hx-w-4">&lt;/div>
&lt;div class="success-icon hx-hidden group-[.copied]/copybtn:hx-block hx-pointer-events-none hx-h-4 hx-w-4">&lt;/div>
&lt;/button>
&lt;/div>
&lt;/div>
&lt;h3>通过模块配置 Hextra 主题&lt;span class="hx-absolute -hx-mt-20" id="通过模块配置-hextra-主题">&lt;/span>
&lt;a href="#%e9%80%9a%e8%bf%87%e6%a8%a1%e5%9d%97%e9%85%8d%e7%bd%ae-hextra-%e4%b8%bb%e9%a2%98" class="subheading-anchor" aria-label="Permalink for this section">&lt;/a>&lt;/h3>&lt;div class="hextra-code-block hx-relative hx-mt-6 first:hx-mt-0 hx-group/code">
&lt;div>&lt;div class="highlight">&lt;pre tabindex="0" class="chroma">&lt;code class="language-shell" data-lang="shell">&lt;span class="line">&lt;span class="cl">&lt;span class="c1"># 初始化 Hugo 模块&lt;/span>
&lt;/span>&lt;/span>&lt;span class="line">&lt;span class="cl">&lt;span class="nb">cd&lt;/span> my-site
&lt;/span>&lt;/span>&lt;span class="line">&lt;span class="cl">hugo mod init github.com/username/my-site
&lt;/span>&lt;/span>&lt;span class="line">&lt;span class="cl">
&lt;/span>&lt;/span>&lt;span class="line">&lt;span class="cl">&lt;span class="c1"># 添加 Hextra 主题&lt;/span>
&lt;/span>&lt;/span>&lt;span class="line">&lt;span class="cl">hugo mod get github.com/imfing/hextra&lt;/span>&lt;/span>&lt;/code>&lt;/pre>&lt;/div>&lt;/div>&lt;div class="hextra-code-copy-btn-container hx-opacity-0 hx-transition group-hover/code:hx-opacity-100 hx-flex hx-gap-1 hx-absolute hx-m-[11px] hx-right-0 hx-top-0">
&lt;button
class="hextra-code-copy-btn hx-group/copybtn hx-transition-all active:hx-opacity-50 hx-bg-primary-700/5 hx-border hx-border-black/5 hx-text-gray-600 hover:hx-text-gray-900 hx-rounded-md hx-p-1.5 dark:hx-bg-primary-300/10 dark:hx-border-white/10 dark:hx-text-gray-400 dark:hover:hx-text-gray-50"
title="Copy code"
>
&lt;div class="copy-icon group-[.copied]/copybtn:hx-hidden hx-pointer-events-none hx-h-4 hx-w-4">&lt;/div>
&lt;div class="success-icon hx-hidden group-[.copied]/copybtn:hx-block hx-pointer-events-none hx-h-4 hx-w-4">&lt;/div>
&lt;/button>
&lt;/div>
&lt;/div>
&lt;p>配置 &lt;code>hugo.yaml&lt;/code> 以使用 Hextra 主题，添加以下内容：&lt;/p>
&lt;div class="hextra-code-block hx-relative hx-mt-6 first:hx-mt-0 hx-group/code">
&lt;div>&lt;div class="highlight">&lt;pre tabindex="0" class="chroma">&lt;code class="language-yaml" data-lang="yaml">&lt;span class="line">&lt;span class="cl">&lt;span class="nt">module&lt;/span>&lt;span class="p">:&lt;/span>&lt;span class="w">
&lt;/span>&lt;/span>&lt;/span>&lt;span class="line">&lt;span class="cl">&lt;span class="w"> &lt;/span>&lt;span class="nt">imports&lt;/span>&lt;span class="p">:&lt;/span>&lt;span class="w">
&lt;/span>&lt;/span>&lt;/span>&lt;span class="line">&lt;span class="cl">&lt;span class="w"> &lt;/span>- &lt;span class="nt">path&lt;/span>&lt;span class="p">:&lt;/span>&lt;span class="w"> &lt;/span>&lt;span class="l">github.com/imfing/hextra&lt;/span>&lt;/span>&lt;/span>&lt;/code>&lt;/pre>&lt;/div>&lt;/div>&lt;div class="hextra-code-copy-btn-container hx-opacity-0 hx-transition group-hover/code:hx-opacity-100 hx-flex hx-gap-1 hx-absolute hx-m-[11px] hx-right-0 hx-top-0">
&lt;button
class="hextra-code-copy-btn hx-group/copybtn hx-transition-all active:hx-opacity-50 hx-bg-primary-700/5 hx-border hx-border-black/5 hx-text-gray-600 hover:hx-text-gray-900 hx-rounded-md hx-p-1.5 dark:hx-bg-primary-300/10 dark:hx-border-white/10 dark:hx-text-gray-400 dark:hover:hx-text-gray-50"
title="Copy code"
>
&lt;div class="copy-icon group-[.copied]/copybtn:hx-hidden hx-pointer-events-none hx-h-4 hx-w-4">&lt;/div>
&lt;div class="success-icon hx-hidden group-[.copied]/copybtn:hx-block hx-pointer-events-none hx-h-4 hx-w-4">&lt;/div>
&lt;/button>
&lt;/div>
&lt;/div>
&lt;h3>创建您的内容页面&lt;span class="hx-absolute -hx-mt-20" id="创建您的内容页面">&lt;/span>
&lt;a href="#%e5%88%9b%e5%bb%ba%e6%82%a8%e7%9a%84%e5%86%85%e5%ae%b9%e9%a1%b5%e9%9d%a2" class="subheading-anchor" aria-label="Permalink for this section">&lt;/a>&lt;/h3>&lt;p>为主页和文档页面创建新的内容页面：&lt;/p>
&lt;div class="hextra-code-block hx-relative hx-mt-6 first:hx-mt-0 hx-group/code">
&lt;div>&lt;div class="highlight">&lt;pre tabindex="0" class="chroma">&lt;code class="language-shell" data-lang="shell">&lt;span class="line">&lt;span class="cl">hugo new content/_index.md
&lt;/span>&lt;/span>&lt;span class="line">&lt;span class="cl">hugo new content/docs/_index.md&lt;/span>&lt;/span>&lt;/code>&lt;/pre>&lt;/div>&lt;/div>&lt;div class="hextra-code-copy-btn-container hx-opacity-0 hx-transition group-hover/code:hx-opacity-100 hx-flex hx-gap-1 hx-absolute hx-m-[11px] hx-right-0 hx-top-0">
&lt;button
class="hextra-code-copy-btn hx-group/copybtn hx-transition-all active:hx-opacity-50 hx-bg-primary-700/5 hx-border hx-border-black/5 hx-text-gray-600 hover:hx-text-gray-900 hx-rounded-md hx-p-1.5 dark:hx-bg-primary-300/10 dark:hx-border-white/10 dark:hx-text-gray-400 dark:hover:hx-text-gray-50"
title="Copy code"
>
&lt;div class="copy-icon group-[.copied]/copybtn:hx-hidden hx-pointer-events-none hx-h-4 hx-w-4">&lt;/div>
&lt;div class="success-icon hx-hidden group-[.copied]/copybtn:hx-block hx-pointer-events-none hx-h-4 hx-w-4">&lt;/div>
&lt;/button>
&lt;/div>
&lt;/div>
&lt;h3>本地预览站点&lt;span class="hx-absolute -hx-mt-20" id="本地预览站点">&lt;/span>
&lt;a href="#%e6%9c%ac%e5%9c%b0%e9%a2%84%e8%a7%88%e7%ab%99%e7%82%b9" class="subheading-anchor" aria-label="Permalink for this section">&lt;/a>&lt;/h3>&lt;div class="hextra-code-block hx-relative hx-mt-6 first:hx-mt-0 hx-group/code">
&lt;div>&lt;div class="highlight">&lt;pre tabindex="0" class="chroma">&lt;code class="language-shell" data-lang="shell">&lt;span class="line">&lt;span class="cl">hugo server --buildDrafts --disableFastRender&lt;/span>&lt;/span>&lt;/code>&lt;/pre>&lt;/div>&lt;/div>&lt;div class="hextra-code-copy-btn-container hx-opacity-0 hx-transition group-hover/code:hx-opacity-100 hx-flex hx-gap-1 hx-absolute hx-m-[11px] hx-right-0 hx-top-0">
&lt;button
class="hextra-code-copy-btn hx-group/copybtn hx-transition-all active:hx-opacity-50 hx-bg-primary-700/5 hx-border hx-border-black/5 hx-text-gray-600 hover:hx-text-gray-900 hx-rounded-md hx-p-1.5 dark:hx-bg-primary-300/10 dark:hx-border-white/10 dark:hx-text-gray-400 dark:hover:hx-text-gray-50"
title="Copy code"
>
&lt;div class="copy-icon group-[.copied]/copybtn:hx-hidden hx-pointer-events-none hx-h-4 hx-w-4">&lt;/div>
&lt;div class="success-icon hx-hidden group-[.copied]/copybtn:hx-block hx-pointer-events-none hx-h-4 hx-w-4">&lt;/div>
&lt;/button>
&lt;/div>
&lt;/div>
&lt;p>恭喜，您的新站点预览可在 &lt;code>http://localhost:1313/&lt;/code> 查看。&lt;/p>
&lt;/div>
&lt;details class="last-of-type:hx-mb-0 hx-rounded-lg hx-bg-neutral-50 dark:hx-bg-neutral-800 hx-p-2 hx-mt-4 hx-group" open>
&lt;summary class="hx-flex hx-items-center hx-cursor-pointer hx-select-none hx-list-none hx-p-1 hx-rounded hx-transition-colors hover:hx-bg-gray-100 dark:hover:hx-bg-neutral-800 before:hx-mr-1 before:hx-inline-block before:hx-transition-transform before:hx-content-[''] dark:before:hx-invert rtl:before:hx-rotate-180 group-open:before:hx-rotate-90">
&lt;strong class="hx-text-lg">如何更新主题？&lt;/strong>
&lt;/summary>
&lt;div class="hx-p-2 hx-overflow-hidden">
&lt;p>要更新项目中所有 Hugo 模块到最新版本，请运行以下命令：&lt;/p>
&lt;div class="hextra-code-block hx-relative hx-mt-6 first:hx-mt-0 hx-group/code">
&lt;div>&lt;div class="highlight">&lt;pre tabindex="0" class="chroma">&lt;code class="language-shell" data-lang="shell">&lt;span class="line">&lt;span class="cl">hugo mod get -u&lt;/span>&lt;/span>&lt;/code>&lt;/pre>&lt;/div>&lt;/div>&lt;div class="hextra-code-copy-btn-container hx-opacity-0 hx-transition group-hover/code:hx-opacity-100 hx-flex hx-gap-1 hx-absolute hx-m-[11px] hx-right-0 hx-top-0">
&lt;button
class="hextra-code-copy-btn hx-group/copybtn hx-transition-all active:hx-opacity-50 hx-bg-primary-700/5 hx-border hx-border-black/5 hx-text-gray-600 hover:hx-text-gray-900 hx-rounded-md hx-p-1.5 dark:hx-bg-primary-300/10 dark:hx-border-white/10 dark:hx-text-gray-400 dark:hover:hx-text-gray-50"
title="Copy code"
>
&lt;div class="copy-icon group-[.copied]/copybtn:hx-hidden hx-pointer-events-none hx-h-4 hx-w-4">&lt;/div>
&lt;div class="success-icon hx-hidden group-[.copied]/copybtn:hx-block hx-pointer-events-none hx-h-4 hx-w-4">&lt;/div>
&lt;/button>
&lt;/div>
&lt;/div>
&lt;p>要将 Hextra 更新到 &lt;a href="https://github.com/imfing/hextra/releases" target="_blank" rel="noopener">最新发布版本&lt;/a>，请运行以下命令：&lt;/p>
&lt;div class="hextra-code-block hx-relative hx-mt-6 first:hx-mt-0 hx-group/code">
&lt;div>&lt;div class="highlight">&lt;pre tabindex="0" class="chroma">&lt;code class="language-shell" data-lang="shell">&lt;span class="line">&lt;span class="cl">hugo mod get -u github.com/imfing/hextra&lt;/span>&lt;/span>&lt;/code>&lt;/pre>&lt;/div>&lt;/div>&lt;div class="hextra-code-copy-btn-container hx-opacity-0 hx-transition group-hover/code:hx-opacity-100 hx-flex hx-gap-1 hx-absolute hx-m-[11px] hx-right-0 hx-top-0">
&lt;button
class="hextra-code-copy-btn hx-group/copybtn hx-transition-all active:hx-opacity-50 hx-bg-primary-700/5 hx-border hx-border-black/5 hx-text-gray-600 hover:hx-text-gray-900 hx-rounded-md hx-p-1.5 dark:hx-bg-primary-300/10 dark:hx-border-white/10 dark:hx-text-gray-400 dark:hover:hx-text-gray-50"
title="Copy code"
>
&lt;div class="copy-icon group-[.copied]/copybtn:hx-hidden hx-pointer-events-none hx-h-4 hx-w-4">&lt;/div>
&lt;div class="success-icon hx-hidden group-[.copied]/copybtn:hx-block hx-pointer-events-none hx-h-4 hx-w-4">&lt;/div>
&lt;/button>
&lt;/div>
&lt;/div>
&lt;p>有关更多详细信息，请参阅 &lt;a href="https://gohugo.io/hugo-modules/use-modules/#update-all-modules" target="_blank" rel="noopener">Hugo 模块&lt;/a>。&lt;/p>
&lt;/div>
&lt;/details>
&lt;h3>将 Hextra 设置为 Git 子模块&lt;span class="hx-absolute -hx-mt-20" id="将-hextra-设置为-git-子模块">&lt;/span>
&lt;a href="#%e5%b0%86-hextra-%e8%ae%be%e7%bd%ae%e4%b8%ba-git-%e5%ad%90%e6%a8%a1%e5%9d%97" class="subheading-anchor" aria-label="Permalink for this section">&lt;/a>&lt;/h3>&lt;h4>先决条件&lt;span class="hx-absolute -hx-mt-20" id="先决条件-1">&lt;/span>
&lt;a href="#%e5%85%88%e5%86%b3%e6%9d%a1%e4%bb%b6-1" class="subheading-anchor" aria-label="Permalink for this section">&lt;/a>&lt;/h4>&lt;p>在开始之前，您需要安装以下软件：&lt;/p>
&lt;ul>
&lt;li>&lt;a href="https://gohugo.io/installation/" target="_blank" rel="noopener">Hugo（扩展版）&lt;/a>&lt;/li>
&lt;li>&lt;a href="https://git-scm.com/" target="_blank" rel="noopener">Git&lt;/a>&lt;/li>
&lt;/ul>
&lt;h4>步骤&lt;span class="hx-absolute -hx-mt-20" id="步骤-1">&lt;/span>
&lt;a href="#%e6%ad%a5%e9%aa%a4-1" class="subheading-anchor" aria-label="Permalink for this section">&lt;/a>&lt;/h4>&lt;div class="steps hx-ml-4 hx-mb-12 ltr:hx-border-l rtl:hx-border-r hx-border-gray-200 ltr:hx-pl-6 rtl:hx-pr-6 dark:hx-border-neutral-800 [counter-reset:step]">
&lt;h3>初始化一个新的 Hugo 站点&lt;span class="hx-absolute -hx-mt-20" id="初始化一个新的-hugo-站点-1">&lt;/span>
&lt;a href="#%e5%88%9d%e5%a7%8b%e5%8c%96%e4%b8%80%e4%b8%aa%e6%96%b0%e7%9a%84-hugo-%e7%ab%99%e7%82%b9-1" class="subheading-anchor" aria-label="Permalink for this section">&lt;/a>&lt;/h3>&lt;div class="hextra-code-block hx-relative hx-mt-6 first:hx-mt-0 hx-group/code">
&lt;div>&lt;div class="highlight">&lt;pre tabindex="0" class="chroma">&lt;code class="language-shell" data-lang="shell">&lt;span class="line">&lt;span class="cl">hugo new site my-site --format&lt;span class="o">=&lt;/span>yaml&lt;/span>&lt;/span>&lt;/code>&lt;/pre>&lt;/div>&lt;/div>&lt;div class="hextra-code-copy-btn-container hx-opacity-0 hx-transition group-hover/code:hx-opacity-100 hx-flex hx-gap-1 hx-absolute hx-m-[11px] hx-right-0 hx-top-0">
&lt;button
class="hextra-code-copy-btn hx-group/copybtn hx-transition-all active:hx-opacity-50 hx-bg-primary-700/5 hx-border hx-border-black/5 hx-text-gray-600 hover:hx-text-gray-900 hx-rounded-md hx-p-1.5 dark:hx-bg-primary-300/10 dark:hx-border-white/10 dark:hx-text-gray-400 dark:hover:hx-text-gray-50"
title="Copy code"
>
&lt;div class="copy-icon group-[.copied]/copybtn:hx-hidden hx-pointer-events-none hx-h-4 hx-w-4">&lt;/div>
&lt;div class="success-icon hx-hidden group-[.copied]/copybtn:hx-block hx-pointer-events-none hx-h-4 hx-w-4">&lt;/div>
&lt;/button>
&lt;/div>
&lt;/div>
&lt;h3>将 Hextra 主题添加为 Git 子模块&lt;span class="hx-absolute -hx-mt-20" id="将-hextra-主题添加为-git-子模块">&lt;/span>
&lt;a href="#%e5%b0%86-hextra-%e4%b8%bb%e9%a2%98%e6%b7%bb%e5%8a%a0%e4%b8%ba-git-%e5%ad%90%e6%a8%a1%e5%9d%97" class="subheading-anchor" aria-label="Permalink for this section">&lt;/a>&lt;/h3>&lt;div class="hextra-code-block hx-relative hx-mt-6 first:hx-mt-0 hx-group/code">
&lt;div>&lt;div class="highlight">&lt;pre tabindex="0" class="chroma">&lt;code class="language-shell" data-lang="shell">&lt;span class="line">&lt;span class="cl">git submodule add https://github.com/imfing/hextra.git themes/hextra&lt;/span>&lt;/span>&lt;/code>&lt;/pre>&lt;/div>&lt;/div>&lt;div class="hextra-code-copy-btn-container hx-opacity-0 hx-transition group-hover/code:hx-opacity-100 hx-flex hx-gap-1 hx-absolute hx-m-[11px] hx-right-0 hx-top-0">
&lt;button
class="hextra-code-copy-btn hx-group/copybtn hx-transition-all active:hx-opacity-50 hx-bg-primary-700/5 hx-border hx-border-black/5 hx-text-gray-600 hover:hx-text-gray-900 hx-rounded-md hx-p-1.5 dark:hx-bg-primary-300/10 dark:hx-border-white/10 dark:hx-text-gray-400 dark:hover:hx-text-gray-50"
title="Copy code"
>
&lt;div class="copy-icon group-[.copied]/copybtn:hx-hidden hx-pointer-events-none hx-h-4 hx-w-4">&lt;/div>
&lt;div class="success-icon hx-hidden group-[.copied]/copybtn:hx-block hx-pointer-events-none hx-h-4 hx-w-4">&lt;/div>
&lt;/button>
&lt;/div>
&lt;/div>
&lt;p>配置 &lt;code>hugo.yaml&lt;/code> 以使用 Hextra 主题，添加以下内容：&lt;/p>
&lt;div class="hextra-code-block hx-relative hx-mt-6 first:hx-mt-0 hx-group/code">
&lt;div>&lt;div class="highlight">&lt;pre tabindex="0" class="chroma">&lt;code class="language-yaml" data-lang="yaml">&lt;span class="line">&lt;span class="cl">&lt;span class="nt">theme&lt;/span>&lt;span class="p">:&lt;/span>&lt;span class="w"> &lt;/span>&lt;span class="l">hextra&lt;/span>&lt;/span>&lt;/span>&lt;/code>&lt;/pre>&lt;/div>&lt;/div>&lt;div class="hextra-code-copy-btn-container hx-opacity-0 hx-transition group-hover/code:hx-opacity-100 hx-flex hx-gap-1 hx-absolute hx-m-[11px] hx-right-0 hx-top-0">
&lt;button
class="hextra-code-copy-btn hx-group/copybtn hx-transition-all active:hx-opacity-50 hx-bg-primary-700/5 hx-border hx-border-black/5 hx-text-gray-600 hover:hx-text-gray-900 hx-rounded-md hx-p-1.5 dark:hx-bg-primary-300/10 dark:hx-border-white/10 dark:hx-text-gray-400 dark:hover:hx-text-gray-50"
title="Copy code"
>
&lt;div class="copy-icon group-[.copied]/copybtn:hx-hidden hx-pointer-events-none hx-h-4 hx-w-4">&lt;/div>
&lt;div class="success-icon hx-hidden group-[.copied]/copybtn:hx-block hx-pointer-events-none hx-h-4 hx-w-4">&lt;/div>
&lt;/button>
&lt;/div>
&lt;/div>
&lt;h3>创建您的内容页面&lt;span class="hx-absolute -hx-mt-20" id="创建您的内容页面-1">&lt;/span>
&lt;a href="#%e5%88%9b%e5%bb%ba%e6%82%a8%e7%9a%84%e5%86%85%e5%ae%b9%e9%a1%b5%e9%9d%a2-1" class="subheading-anchor" aria-label="Permalink for this section">&lt;/a>&lt;/h3>&lt;p>为主页和文档页面创建新的内容页面：&lt;/p>
&lt;div class="hextra-code-block hx-relative hx-mt-6 first:hx-mt-0 hx-group/code">
&lt;div>&lt;div class="highlight">&lt;pre tabindex="0" class="chroma">&lt;code class="language-shell" data-lang="shell">&lt;span class="line">&lt;span class="cl">hugo new content/_index.md
&lt;/span>&lt;/span>&lt;span class="line">&lt;span class="cl">hugo new content/docs/_index.md&lt;/span>&lt;/span>&lt;/code>&lt;/pre>&lt;/div>&lt;/div>&lt;div class="hextra-code-copy-btn-container hx-opacity-0 hx-transition group-hover/code:hx-opacity-100 hx-flex hx-gap-1 hx-absolute hx-m-[11px] hx-right-0 hx-top-0">
&lt;button
class="hextra-code-copy-btn hx-group/copybtn hx-transition-all active:hx-opacity-50 hx-bg-primary-700/5 hx-border hx-border-black/5 hx-text-gray-600 hover:hx-text-gray-900 hx-rounded-md hx-p-1.5 dark:hx-bg-primary-300/10 dark:hx-border-white/10 dark:hx-text-gray-400 dark:hover:hx-text-gray-50"
title="Copy code"
>
&lt;div class="copy-icon group-[.copied]/copybtn:hx-hidden hx-pointer-events-none hx-h-4 hx-w-4">&lt;/div>
&lt;div class="success-icon hx-hidden group-[.copied]/copybtn:hx-block hx-pointer-events-none hx-h-4 hx-w-4">&lt;/div>
&lt;/button>
&lt;/div>
&lt;/div>
&lt;h3>本地预览站点&lt;span class="hx-absolute -hx-mt-20" id="本地预览站点-1">&lt;/span>
&lt;a href="#%e6%9c%ac%e5%9c%b0%e9%a2%84%e8%a7%88%e7%ab%99%e7%82%b9-1" class="subheading-anchor" aria-label="Permalink for this section">&lt;/a>&lt;/h3>&lt;div class="hextra-code-block hx-relative hx-mt-6 first:hx-mt-0 hx-group/code">
&lt;div>&lt;div class="highlight">&lt;pre tabindex="0" class="chroma">&lt;code class="language-shell" data-lang="shell">&lt;span class="line">&lt;span class="cl">hugo server --buildDrafts --disableFastRender&lt;/span>&lt;/span>&lt;/code>&lt;/pre>&lt;/div>&lt;/div>&lt;div class="hextra-code-copy-btn-container hx-opacity-0 hx-transition group-hover/code:hx-opacity-100 hx-flex hx-gap-1 hx-absolute hx-m-[11px] hx-right-0 hx-top-0">
&lt;button
class="hextra-code-copy-btn hx-group/copybtn hx-transition-all active:hx-opacity-50 hx-bg-primary-700/5 hx-border hx-border-black/5 hx-text-gray-600 hover:hx-text-gray-900 hx-rounded-md hx-p-1.5 dark:hx-bg-primary-300/10 dark:hx-border-white/10 dark:hx-text-gray-400 dark:hover:hx-text-gray-50"
title="Copy code"
>
&lt;div class="copy-icon group-[.copied]/copybtn:hx-hidden hx-pointer-events-none hx-h-4 hx-w-4">&lt;/div>
&lt;div class="success-icon hx-hidden group-[.copied]/copybtn:hx-block hx-pointer-events-none hx-h-4 hx-w-4">&lt;/div>
&lt;/button>
&lt;/div>
&lt;/div>
&lt;p>您的新站点预览可在 &lt;code>http://localhost:1313/&lt;/code> 查看。&lt;/p>
&lt;/div>
&lt;p>当使用 &lt;a href="https://en.wikipedia.org/wiki/CI/CD" target="_blank" rel="noopener">CI/CD&lt;/a> 部署 Hugo 网站时，确保在运行 &lt;code>hugo&lt;/code> 命令之前执行以下命令至关重要。&lt;/p>
&lt;div class="hextra-code-block hx-relative hx-mt-6 first:hx-mt-0 hx-group/code">
&lt;div>&lt;div class="highlight">&lt;pre tabindex="0" class="chroma">&lt;code class="language-shell" data-lang="shell">&lt;span class="line">&lt;span class="cl">git submodule update --init&lt;/span>&lt;/span>&lt;/code>&lt;/pre>&lt;/div>&lt;/div>&lt;div class="hextra-code-copy-btn-container hx-opacity-0 hx-transition group-hover/code:hx-opacity-100 hx-flex hx-gap-1 hx-absolute hx-m-[11px] hx-right-0 hx-top-0">
&lt;button
class="hextra-code-copy-btn hx-group/copybtn hx-transition-all active:hx-opacity-50 hx-bg-primary-700/5 hx-border hx-border-black/5 hx-text-gray-600 hover:hx-text-gray-900 hx-rounded-md hx-p-1.5 dark:hx-bg-primary-300/10 dark:hx-border-white/10 dark:hx-text-gray-400 dark:hover:hx-text-gray-50"
title="Copy code"
>
&lt;div class="copy-icon group-[.copied]/copybtn:hx-hidden hx-pointer-events-none hx-h-4 hx-w-4">&lt;/div>
&lt;div class="success-icon hx-hidden group-[.copied]/copybtn:hx-block hx-pointer-events-none hx-h-4 hx-w-4">&lt;/div>
&lt;/button>
&lt;/div>
&lt;/div>
&lt;p>如果不运行此命令，主题文件夹将不会被 Hextra 主题文件填充，导致构建失败。&lt;/p>
&lt;details class="last-of-type:hx-mb-0 hx-rounded-lg hx-bg-neutral-50 dark:hx-bg-neutral-800 hx-p-2 hx-mt-4 hx-group" open>
&lt;summary class="hx-flex hx-items-center hx-cursor-pointer hx-select-none hx-list-none hx-p-1 hx-rounded hx-transition-colors hover:hx-bg-gray-100 dark:hover:hx-bg-neutral-800 before:hx-mr-1 before:hx-inline-block before:hx-transition-transform before:hx-content-[''] dark:before:hx-invert rtl:before:hx-rotate-180 group-open:before:hx-rotate-90">
&lt;strong class="hx-text-lg">如何更新主题？&lt;/strong>
&lt;/summary>
&lt;div class="hx-p-2 hx-overflow-hidden">
&lt;p>要更新仓库中所有子模块到最新提交，请运行以下命令：&lt;/p>
&lt;div class="hextra-code-block hx-relative hx-mt-6 first:hx-mt-0 hx-group/code">
&lt;div>&lt;div class="highlight">&lt;pre tabindex="0" class="chroma">&lt;code class="language-shell" data-lang="shell">&lt;span class="line">&lt;span class="cl">git submodule update --remote&lt;/span>&lt;/span>&lt;/code>&lt;/pre>&lt;/div>&lt;/div>&lt;div class="hextra-code-copy-btn-container hx-opacity-0 hx-transition group-hover/code:hx-opacity-100 hx-flex hx-gap-1 hx-absolute hx-m-[11px] hx-right-0 hx-top-0">
&lt;button
class="hextra-code-copy-btn hx-group/copybtn hx-transition-all active:hx-opacity-50 hx-bg-primary-700/5 hx-border hx-border-black/5 hx-text-gray-600 hover:hx-text-gray-900 hx-rounded-md hx-p-1.5 dark:hx-bg-primary-300/10 dark:hx-border-white/10 dark:hx-text-gray-400 dark:hover:hx-text-gray-50"
title="Copy code"
>
&lt;div class="copy-icon group-[.copied]/copybtn:hx-hidden hx-pointer-events-none hx-h-4 hx-w-4">&lt;/div>
&lt;div class="success-icon hx-hidden group-[.copied]/copybtn:hx-block hx-pointer-events-none hx-h-4 hx-w-4">&lt;/div>
&lt;/button>
&lt;/div>
&lt;/div>
&lt;p>要将 Hextra 更新到最新提交，请运行以下命令：&lt;/p>
&lt;div class="hextra-code-block hx-relative hx-mt-6 first:hx-mt-0 hx-group/code">
&lt;div>&lt;div class="highlight">&lt;pre tabindex="0" class="chroma">&lt;code class="language-shell" data-lang="shell">&lt;span class="line">&lt;span class="cl">git submodule update --remote themes/hextra&lt;/span>&lt;/span>&lt;/code>&lt;/pre>&lt;/div>&lt;/div>&lt;div class="hextra-code-copy-btn-container hx-opacity-0 hx-transition group-hover/code:hx-opacity-100 hx-flex hx-gap-1 hx-absolute hx-m-[11px] hx-right-0 hx-top-0">
&lt;button
class="hextra-code-copy-btn hx-group/copybtn hx-transition-all active:hx-opacity-50 hx-bg-primary-700/5 hx-border hx-border-black/5 hx-text-gray-600 hover:hx-text-gray-900 hx-rounded-md hx-p-1.5 dark:hx-bg-primary-300/10 dark:hx-border-white/10 dark:hx-text-gray-400 dark:hover:hx-text-gray-50"
title="Copy code"
>
&lt;div class="copy-icon group-[.copied]/copybtn:hx-hidden hx-pointer-events-none hx-h-4 hx-w-4">&lt;/div>
&lt;div class="success-icon hx-hidden group-[.copied]/copybtn:hx-block hx-pointer-events-none hx-h-4 hx-w-4">&lt;/div>
&lt;/button>
&lt;/div>
&lt;/div>
&lt;p>有关更多详细信息，请参阅 &lt;a href="https://git-scm.com/book/en/v2/Git-Tools-Submodules" target="_blank" rel="noopener">Git 子模块&lt;/a>。&lt;/p>
&lt;/div>
&lt;/details>
&lt;h2>下一步&lt;span class="hx-absolute -hx-mt-20" id="下一步">&lt;/span>
&lt;a href="#%e4%b8%8b%e4%b8%80%e6%ad%a5" class="subheading-anchor" aria-label="Permalink for this section">&lt;/a>&lt;/h2>&lt;p>探索以下部分以开始添加更多内容：&lt;/p>
&lt;div class="hextra-cards hx-mt-4 hx-gap-4 hx-grid not-prose" style="--hextra-cards-grid-cols: 3;">
&lt;a
class="hextra-card hx-group hx-flex hx-flex-col hx-justify-start hx-overflow-hidden hx-rounded-lg hx-border hx-border-gray-200 hx-text-current hx-no-underline dark:hx-shadow-none hover:hx-shadow-gray-100 dark:hover:hx-shadow-none hx-shadow-gray-100 active:hx-shadow-sm active:hx-shadow-gray-200 hx-transition-all hx-duration-200 hover:hx-border-gray-300 hx-bg-transparent hx-shadow-sm dark:hx-border-neutral-800 hover:hx-bg-slate-50 hover:hx-shadow-md dark:hover:hx-border-neutral-700 dark:hover:hx-bg-neutral-900"href="../guide/organize-files"
>&lt;span class="hextra-card-icon hx-flex hx-font-semibold hx-items-start hx-gap-2 hx-p-4 hx-text-gray-700 hover:hx-text-gray-900 dark:hx-text-neutral-200 dark:hover:hx-text-neutral-50">&lt;svg xmlns="http://www.w3.org/2000/svg" fill="none" viewBox="0 0 24 24" stroke-width="2" stroke="currentColor" aria-hidden="true">&lt;path stroke-linecap="round" stroke-linejoin="round" d="M8 7v8a2 2 0 002 2h6M8 7V5a2 2 0 012-2h4.586a1 1 0 01.707.293l4.414 4.414a1 1 0 01.293.707V15a2 2 0 01-2 2h-2M8 7H6a2 2 0 00-2 2v10a2 2 0 002 2h8a2 2 0 002-2v-2"/>&lt;/svg>组织文件&lt;/span>&lt;/a>
&lt;a
class="hextra-card hx-group hx-flex hx-flex-col hx-justify-start hx-overflow-hidden hx-rounded-lg hx-border hx-border-gray-200 hx-text-current hx-no-underline dark:hx-shadow-none hover:hx-shadow-gray-100 dark:hover:hx-shadow-none hx-shadow-gray-100 active:hx-shadow-sm active:hx-shadow-gray-200 hx-transition-all hx-duration-200 hover:hx-border-gray-300 hx-bg-transparent hx-shadow-sm dark:hx-border-neutral-800 hover:hx-bg-slate-50 hover:hx-shadow-md dark:hover:hx-border-neutral-700 dark:hover:hx-bg-neutral-900"href="../guide/configuration"
>&lt;span class="hextra-card-icon hx-flex hx-font-semibold hx-items-start hx-gap-2 hx-p-4 hx-text-gray-700 hover:hx-text-gray-900 dark:hx-text-neutral-200 dark:hover:hx-text-neutral-50">&lt;svg xmlns="http://www.w3.org/2000/svg" fill="none" viewBox="0 0 24 24" stroke-width="2" stroke="currentColor" aria-hidden="true">&lt;path stroke-linecap="round" stroke-linejoin="round" d="M12 6V4m0 2a2 2 0 100 4m0-4a2 2 0 110 4m-6 8a2 2 0 100-4m0 4a2 2 0 110-4m0 4v2m0-6V4m6 6v10m6-2a2 2 0 100-4m0 4a2 2 0 110-4m0 4v2m0-6V4"/>&lt;/svg>配置&lt;/span>&lt;/a>
&lt;a
class="hextra-card hx-group hx-flex hx-flex-col hx-justify-start hx-overflow-hidden hx-rounded-lg hx-border hx-border-gray-200 hx-text-current hx-no-underline dark:hx-shadow-none hover:hx-shadow-gray-100 dark:hover:hx-shadow-none hx-shadow-gray-100 active:hx-shadow-sm active:hx-shadow-gray-200 hx-transition-all hx-duration-200 hover:hx-border-gray-300 hx-bg-transparent hx-shadow-sm dark:hx-border-neutral-800 hover:hx-bg-slate-50 hover:hx-shadow-md dark:hover:hx-border-neutral-700 dark:hover:hx-bg-neutral-900"href="../guide/markdown"
>&lt;span class="hextra-card-icon hx-flex hx-font-semibold hx-items-start hx-gap-2 hx-p-4 hx-text-gray-700 hover:hx-text-gray-900 dark:hx-text-neutral-200 dark:hover:hx-text-neutral-50">&lt;svg xmlns="http://www.w3.org/2000/svg" viewBox="0 0 24 24">&lt;path fill="currentColor" d="M20.56 18H3.44C2.65 18 2 17.37 2 16.59V7.41C2 6.63 2.65 6 3.44 6h17.12c.79 0 1.44.63 1.44 1.41v9.18c0 .78-.65 1.41-1.44 1.41M6.81 15.19v-3.66l1.92 2.35l1.92-2.35v3.66h1.93V8.81h-1.93l-1.92 2.35l-1.92-2.35H4.89v6.38h1.92M19.69 12h-1.92V8.81h-1.92V12h-1.93l2.89 3.28L19.69 12Z"/>&lt;/svg>Markdown&lt;/span>&lt;/a>
&lt;/div></description></item><item><title>评论系统</title><link>https://www.magnetchain.xyz/docs/advanced/comments/</link><pubDate>Mon, 01 Jan 0001 00:00:00 +0000</pubDate><guid>https://www.magnetchain.xyz/docs/advanced/comments/</guid><description>
&lt;p>Hextra 支持为您的网站添加评论系统。
目前支持 &lt;a href="https://giscus.app/" target="_blank" rel="noopener">giscus&lt;/a>。&lt;/p>
&lt;h2>giscus&lt;span class="hx-absolute -hx-mt-20" id="giscus">&lt;/span>
&lt;a href="#giscus" class="subheading-anchor" aria-label="Permalink for this section">&lt;/a>&lt;/h2>&lt;p>&lt;a href="https://giscus.app/" target="_blank" rel="noopener">giscus&lt;/a> 是一个由 &lt;a href="https://docs.github.com/en/discussions" target="_blank" rel="noopener">GitHub Discussions&lt;/a> 提供支持的评论系统。它是免费且开源的。&lt;/p>
&lt;p>要启用 giscus，您需要在网站配置文件中添加以下内容：&lt;/p>
&lt;div class="hextra-code-block hx-relative hx-mt-6 first:hx-mt-0 hx-group/code">
&lt;div class="filename not-prose" dir="auto">hugo.yaml&lt;/div>&lt;div>&lt;div class="highlight">&lt;pre tabindex="0" class="chroma">&lt;code class="language-yaml" data-lang="yaml">&lt;span class="line">&lt;span class="cl">&lt;span class="nt">params&lt;/span>&lt;span class="p">:&lt;/span>&lt;span class="w">
&lt;/span>&lt;/span>&lt;/span>&lt;span class="line">&lt;span class="cl">&lt;span class="w"> &lt;/span>&lt;span class="nt">comments&lt;/span>&lt;span class="p">:&lt;/span>&lt;span class="w">
&lt;/span>&lt;/span>&lt;/span>&lt;span class="line">&lt;span class="cl">&lt;span class="w"> &lt;/span>&lt;span class="nt">enable&lt;/span>&lt;span class="p">:&lt;/span>&lt;span class="w"> &lt;/span>&lt;span class="kc">false&lt;/span>&lt;span class="w">
&lt;/span>&lt;/span>&lt;/span>&lt;span class="line">&lt;span class="cl">&lt;span class="w"> &lt;/span>&lt;span class="nt">type&lt;/span>&lt;span class="p">:&lt;/span>&lt;span class="w"> &lt;/span>&lt;span class="l">giscus&lt;/span>&lt;span class="w">
&lt;/span>&lt;/span>&lt;/span>&lt;span class="line">&lt;span class="cl">&lt;span class="w">
&lt;/span>&lt;/span>&lt;/span>&lt;span class="line">&lt;span class="cl">&lt;span class="w"> &lt;/span>&lt;span class="nt">giscus&lt;/span>&lt;span class="p">:&lt;/span>&lt;span class="w">
&lt;/span>&lt;/span>&lt;/span>&lt;span class="line">&lt;span class="cl">&lt;span class="w"> &lt;/span>&lt;span class="nt">repo&lt;/span>&lt;span class="p">:&lt;/span>&lt;span class="w"> &lt;/span>&lt;span class="l">&amp;lt;仓库&amp;gt;&lt;/span>&lt;span class="w">
&lt;/span>&lt;/span>&lt;/span>&lt;span class="line">&lt;span class="cl">&lt;span class="w"> &lt;/span>&lt;span class="nt">repoId&lt;/span>&lt;span class="p">:&lt;/span>&lt;span class="w"> &lt;/span>&lt;span class="l">&amp;lt;仓库 ID&amp;gt;&lt;/span>&lt;span class="w">
&lt;/span>&lt;/span>&lt;/span>&lt;span class="line">&lt;span class="cl">&lt;span class="w"> &lt;/span>&lt;span class="nt">category&lt;/span>&lt;span class="p">:&lt;/span>&lt;span class="w"> &lt;/span>&lt;span class="l">&amp;lt;分类&amp;gt;&lt;/span>&lt;span class="w">
&lt;/span>&lt;/span>&lt;/span>&lt;span class="line">&lt;span class="cl">&lt;span class="w"> &lt;/span>&lt;span class="nt">categoryId&lt;/span>&lt;span class="p">:&lt;/span>&lt;span class="w"> &lt;/span>&lt;span class="l">&amp;lt;分类 ID&amp;gt;&lt;/span>&lt;/span>&lt;/span>&lt;/code>&lt;/pre>&lt;/div>&lt;/div>&lt;div class="hextra-code-copy-btn-container hx-opacity-0 hx-transition group-hover/code:hx-opacity-100 hx-flex hx-gap-1 hx-absolute hx-m-[11px] hx-right-0 hx-top-8">
&lt;button
class="hextra-code-copy-btn hx-group/copybtn hx-transition-all active:hx-opacity-50 hx-bg-primary-700/5 hx-border hx-border-black/5 hx-text-gray-600 hover:hx-text-gray-900 hx-rounded-md hx-p-1.5 dark:hx-bg-primary-300/10 dark:hx-border-white/10 dark:hx-text-gray-400 dark:hover:hx-text-gray-50"
title="Copy code"
>
&lt;div class="copy-icon group-[.copied]/copybtn:hx-hidden hx-pointer-events-none hx-h-4 hx-w-4">&lt;/div>
&lt;div class="success-icon hx-hidden group-[.copied]/copybtn:hx-block hx-pointer-events-none hx-h-4 hx-w-4">&lt;/div>
&lt;/button>
&lt;/div>
&lt;/div>
&lt;p>giscus 的配置可以从 &lt;a href="https://giscus.app/" target="_blank" rel="noopener">giscus.app&lt;/a> 网站生成。更多详细信息也可以在那里找到。&lt;/p>
&lt;p>可以在页面的 front matter 中为特定页面启用或禁用评论：&lt;/p>
&lt;div class="hextra-code-block hx-relative hx-mt-6 first:hx-mt-0 hx-group/code">
&lt;div class="filename not-prose" dir="auto">content/docs/about.md&lt;/div>&lt;div>&lt;div class="highlight">&lt;pre tabindex="0" class="chroma">&lt;code class="language-yaml" data-lang="yaml">&lt;span class="line">&lt;span class="cl">&lt;span class="nn">---&lt;/span>&lt;span class="w">
&lt;/span>&lt;/span>&lt;/span>&lt;span class="line">&lt;span class="cl">&lt;span class="w">&lt;/span>&lt;span class="nt">title&lt;/span>&lt;span class="p">:&lt;/span>&lt;span class="w"> &lt;/span>&lt;span class="l">关于&lt;/span>&lt;span class="w">
&lt;/span>&lt;/span>&lt;/span>&lt;span class="line">&lt;span class="cl">&lt;span class="w">&lt;/span>&lt;span class="nt">comments&lt;/span>&lt;span class="p">:&lt;/span>&lt;span class="w"> &lt;/span>&lt;span class="kc">true&lt;/span>&lt;span class="w">
&lt;/span>&lt;/span>&lt;/span>&lt;span class="line">&lt;span class="cl">&lt;span class="w">&lt;/span>&lt;span class="nn">---&lt;/span>&lt;/span>&lt;/span>&lt;/code>&lt;/pre>&lt;/div>&lt;/div>&lt;div class="hextra-code-copy-btn-container hx-opacity-0 hx-transition group-hover/code:hx-opacity-100 hx-flex hx-gap-1 hx-absolute hx-m-[11px] hx-right-0 hx-top-8">
&lt;button
class="hextra-code-copy-btn hx-group/copybtn hx-transition-all active:hx-opacity-50 hx-bg-primary-700/5 hx-border hx-border-black/5 hx-text-gray-600 hover:hx-text-gray-900 hx-rounded-md hx-p-1.5 dark:hx-bg-primary-300/10 dark:hx-border-white/10 dark:hx-text-gray-400 dark:hover:hx-text-gray-50"
title="Copy code"
>
&lt;div class="copy-icon group-[.copied]/copybtn:hx-hidden hx-pointer-events-none hx-h-4 hx-w-4">&lt;/div>
&lt;div class="success-icon hx-hidden group-[.copied]/copybtn:hx-block hx-pointer-events-none hx-h-4 hx-w-4">&lt;/div>
&lt;/button>
&lt;/div>
&lt;/div></description></item><item><title>自定义 Hextra</title><link>https://www.magnetchain.xyz/docs/advanced/customization/</link><pubDate>Mon, 01 Jan 0001 00:00:00 +0000</pubDate><guid>https://www.magnetchain.xyz/docs/advanced/customization/</guid><description>
&lt;p>Hextra 在 &lt;code>hugo.yaml&lt;/code> 配置文件中提供了一些默认的自定义选项，用于配置主题。
本页描述了可用的选项以及如何进一步自定义主题。&lt;/p>
&lt;h2>自定义 CSS&lt;span class="hx-absolute -hx-mt-20" id="自定义-css">&lt;/span>
&lt;a href="#%e8%87%aa%e5%ae%9a%e4%b9%89-css" class="subheading-anchor" aria-label="Permalink for this section">&lt;/a>&lt;/h2>&lt;p>要添加自定义 CSS，我们需要在站点中创建一个文件 &lt;code>assets/css/custom.css&lt;/code>。Hextra 会自动加载此文件。&lt;/p>
&lt;h3>字体&lt;span class="hx-absolute -hx-mt-20" id="字体">&lt;/span>
&lt;a href="#%e5%ad%97%e4%bd%93" class="subheading-anchor" aria-label="Permalink for this section">&lt;/a>&lt;/h3>&lt;p>内容的字体可以通过以下方式自定义：&lt;/p>
&lt;div class="hextra-code-block hx-relative hx-mt-6 first:hx-mt-0 hx-group/code">
&lt;div class="filename not-prose" dir="auto">assets/css/custom.css&lt;/div>&lt;div>&lt;div class="highlight">&lt;pre tabindex="0" class="chroma">&lt;code class="language-css" data-lang="css">&lt;span class="line">&lt;span class="cl">&lt;span class="p">.&lt;/span>&lt;span class="nc">content&lt;/span> &lt;span class="p">{&lt;/span>
&lt;/span>&lt;/span>&lt;span class="line">&lt;span class="cl"> &lt;span class="k">font-family&lt;/span>&lt;span class="p">:&lt;/span> &lt;span class="s2">&amp;#34;Times New Roman&amp;#34;&lt;/span>&lt;span class="p">,&lt;/span> &lt;span class="n">Times&lt;/span>&lt;span class="p">,&lt;/span> &lt;span class="kc">serif&lt;/span>&lt;span class="p">;&lt;/span>
&lt;/span>&lt;/span>&lt;span class="line">&lt;span class="cl">&lt;span class="p">}&lt;/span>&lt;/span>&lt;/span>&lt;/code>&lt;/pre>&lt;/div>&lt;/div>&lt;div class="hextra-code-copy-btn-container hx-opacity-0 hx-transition group-hover/code:hx-opacity-100 hx-flex hx-gap-1 hx-absolute hx-m-[11px] hx-right-0 hx-top-8">
&lt;button
class="hextra-code-copy-btn hx-group/copybtn hx-transition-all active:hx-opacity-50 hx-bg-primary-700/5 hx-border hx-border-black/5 hx-text-gray-600 hover:hx-text-gray-900 hx-rounded-md hx-p-1.5 dark:hx-bg-primary-300/10 dark:hx-border-white/10 dark:hx-text-gray-400 dark:hover:hx-text-gray-50"
title="Copy code"
>
&lt;div class="copy-icon group-[.copied]/copybtn:hx-hidden hx-pointer-events-none hx-h-4 hx-w-4">&lt;/div>
&lt;div class="success-icon hx-hidden group-[.copied]/copybtn:hx-block hx-pointer-events-none hx-h-4 hx-w-4">&lt;/div>
&lt;/button>
&lt;/div>
&lt;/div>
&lt;h3>内联代码元素&lt;span class="hx-absolute -hx-mt-20" id="内联代码元素">&lt;/span>
&lt;a href="#%e5%86%85%e8%81%94%e4%bb%a3%e7%a0%81%e5%85%83%e7%b4%a0" class="subheading-anchor" aria-label="Permalink for this section">&lt;/a>&lt;/h3>&lt;p>与 &lt;code>其他文本&lt;/code> 混合的文本颜色可以通过以下方式自定义：&lt;/p>
&lt;div class="hextra-code-block hx-relative hx-mt-6 first:hx-mt-0 hx-group/code">
&lt;div class="filename not-prose" dir="auto">assets/css/custom.css&lt;/div>&lt;div>&lt;div class="highlight">&lt;pre tabindex="0" class="chroma">&lt;code class="language-css" data-lang="css">&lt;span class="line">&lt;span class="cl">&lt;span class="p">.&lt;/span>&lt;span class="nc">content&lt;/span> &lt;span class="nt">code&lt;/span>&lt;span class="p">:&lt;/span>&lt;span class="nd">not&lt;/span>&lt;span class="o">(&lt;/span>&lt;span class="p">.&lt;/span>&lt;span class="nc">code-block&lt;/span> &lt;span class="nt">code&lt;/span>&lt;span class="o">)&lt;/span> &lt;span class="p">{&lt;/span>
&lt;/span>&lt;/span>&lt;span class="line">&lt;span class="cl"> &lt;span class="k">color&lt;/span>&lt;span class="p">:&lt;/span> &lt;span class="mh">#c97c2e&lt;/span>&lt;span class="p">;&lt;/span>
&lt;/span>&lt;/span>&lt;span class="line">&lt;span class="cl">&lt;span class="p">}&lt;/span>&lt;/span>&lt;/span>&lt;/code>&lt;/pre>&lt;/div>&lt;/div>&lt;div class="hextra-code-copy-btn-container hx-opacity-0 hx-transition group-hover/code:hx-opacity-100 hx-flex hx-gap-1 hx-absolute hx-m-[11px] hx-right-0 hx-top-8">
&lt;button
class="hextra-code-copy-btn hx-group/copybtn hx-transition-all active:hx-opacity-50 hx-bg-primary-700/5 hx-border hx-border-black/5 hx-text-gray-600 hover:hx-text-gray-900 hx-rounded-md hx-p-1.5 dark:hx-bg-primary-300/10 dark:hx-border-white/10 dark:hx-text-gray-400 dark:hover:hx-text-gray-50"
title="Copy code"
>
&lt;div class="copy-icon group-[.copied]/copybtn:hx-hidden hx-pointer-events-none hx-h-4 hx-w-4">&lt;/div>
&lt;div class="success-icon hx-hidden group-[.copied]/copybtn:hx-block hx-pointer-events-none hx-h-4 hx-w-4">&lt;/div>
&lt;/button>
&lt;/div>
&lt;/div>
&lt;h3>主色调&lt;span class="hx-absolute -hx-mt-20" id="主色调">&lt;/span>
&lt;a href="#%e4%b8%bb%e8%89%b2%e8%b0%83" class="subheading-anchor" aria-label="Permalink for this section">&lt;/a>&lt;/h3>&lt;p>主题的主色调可以通过设置 &lt;code>--primary-hue&lt;/code>、&lt;code>--primary-saturation&lt;/code> 和 &lt;code>--primary-lightness&lt;/code> 变量来自定义：&lt;/p>
&lt;div class="hextra-code-block hx-relative hx-mt-6 first:hx-mt-0 hx-group/code">
&lt;div class="filename not-prose" dir="auto">assets/css/custom.css&lt;/div>&lt;div>&lt;div class="highlight">&lt;pre tabindex="0" class="chroma">&lt;code class="language-css" data-lang="css">&lt;span class="line">&lt;span class="cl">&lt;span class="p">:&lt;/span>&lt;span class="nd">root&lt;/span> &lt;span class="p">{&lt;/span>
&lt;/span>&lt;/span>&lt;span class="line">&lt;span class="cl"> &lt;span class="nv">--primary-hue&lt;/span>&lt;span class="p">:&lt;/span> &lt;span class="mi">100&lt;/span>&lt;span class="kt">deg&lt;/span>&lt;span class="p">;&lt;/span>
&lt;/span>&lt;/span>&lt;span class="line">&lt;span class="cl"> &lt;span class="nv">--primary-saturation&lt;/span>&lt;span class="p">:&lt;/span> &lt;span class="mi">90&lt;/span>&lt;span class="kt">%&lt;/span>&lt;span class="p">;&lt;/span>
&lt;/span>&lt;/span>&lt;span class="line">&lt;span class="cl"> &lt;span class="nv">--primary-lightness&lt;/span>&lt;span class="p">:&lt;/span> &lt;span class="mi">50&lt;/span>&lt;span class="kt">%&lt;/span>&lt;span class="p">;&lt;/span>
&lt;/span>&lt;/span>&lt;span class="line">&lt;span class="cl">&lt;span class="p">}&lt;/span>&lt;/span>&lt;/span>&lt;/code>&lt;/pre>&lt;/div>&lt;/div>&lt;div class="hextra-code-copy-btn-container hx-opacity-0 hx-transition group-hover/code:hx-opacity-100 hx-flex hx-gap-1 hx-absolute hx-m-[11px] hx-right-0 hx-top-8">
&lt;button
class="hextra-code-copy-btn hx-group/copybtn hx-transition-all active:hx-opacity-50 hx-bg-primary-700/5 hx-border hx-border-black/5 hx-text-gray-600 hover:hx-text-gray-900 hx-rounded-md hx-p-1.5 dark:hx-bg-primary-300/10 dark:hx-border-white/10 dark:hx-text-gray-400 dark:hover:hx-text-gray-50"
title="Copy code"
>
&lt;div class="copy-icon group-[.copied]/copybtn:hx-hidden hx-pointer-events-none hx-h-4 hx-w-4">&lt;/div>
&lt;div class="success-icon hx-hidden group-[.copied]/copybtn:hx-block hx-pointer-events-none hx-h-4 hx-w-4">&lt;/div>
&lt;/button>
&lt;/div>
&lt;/div>
&lt;h3>进一步的主题自定义&lt;span class="hx-absolute -hx-mt-20" id="进一步的主题自定义">&lt;/span>
&lt;a href="#%e8%bf%9b%e4%b8%80%e6%ad%a5%e7%9a%84%e4%b8%bb%e9%a2%98%e8%87%aa%e5%ae%9a%e4%b9%89" class="subheading-anchor" aria-label="Permalink for this section">&lt;/a>&lt;/h3>&lt;p>可以通过覆盖暴露的 CSS 类来进一步自定义主题。以下是一个自定义页脚元素的示例：&lt;/p>
&lt;div class="hextra-code-block hx-relative hx-mt-6 first:hx-mt-0 hx-group/code">
&lt;div class="filename not-prose" dir="auto">assets/css/custom.css&lt;/div>&lt;div>&lt;div class="highlight">&lt;pre tabindex="0" class="chroma">&lt;code class="language-css" data-lang="css">&lt;span class="line">&lt;span class="cl">&lt;span class="p">.&lt;/span>&lt;span class="nc">hextra-footer&lt;/span> &lt;span class="p">{&lt;/span>
&lt;/span>&lt;/span>&lt;span class="line">&lt;span class="cl"> &lt;span class="c">/* 样式将应用于页脚元素 */&lt;/span>
&lt;/span>&lt;/span>&lt;span class="line">&lt;span class="cl">&lt;span class="p">}&lt;/span>
&lt;/span>&lt;/span>&lt;span class="line">&lt;span class="cl">
&lt;/span>&lt;/span>&lt;span class="line">&lt;span class="cl">&lt;span class="p">.&lt;/span>&lt;span class="nc">hextra-footer&lt;/span>&lt;span class="p">:&lt;/span>&lt;span class="nd">is&lt;/span>&lt;span class="o">(&lt;/span>&lt;span class="nt">html&lt;/span>&lt;span class="o">[&lt;/span>&lt;span class="nt">class&lt;/span>&lt;span class="o">~=&lt;/span>&lt;span class="s2">&amp;#34;dark&amp;#34;&lt;/span>&lt;span class="o">]&lt;/span> &lt;span class="o">*)&lt;/span> &lt;span class="p">{&lt;/span>
&lt;/span>&lt;/span>&lt;span class="line">&lt;span class="cl"> &lt;span class="c">/* 样式将应用于暗模式下的页脚元素 */&lt;/span>
&lt;/span>&lt;/span>&lt;span class="line">&lt;span class="cl">&lt;span class="p">}&lt;/span>&lt;/span>&lt;/span>&lt;/code>&lt;/pre>&lt;/div>&lt;/div>&lt;div class="hextra-code-copy-btn-container hx-opacity-0 hx-transition group-hover/code:hx-opacity-100 hx-flex hx-gap-1 hx-absolute hx-m-[11px] hx-right-0 hx-top-8">
&lt;button
class="hextra-code-copy-btn hx-group/copybtn hx-transition-all active:hx-opacity-50 hx-bg-primary-700/5 hx-border hx-border-black/5 hx-text-gray-600 hover:hx-text-gray-900 hx-rounded-md hx-p-1.5 dark:hx-bg-primary-300/10 dark:hx-border-white/10 dark:hx-text-gray-400 dark:hover:hx-text-gray-50"
title="Copy code"
>
&lt;div class="copy-icon group-[.copied]/copybtn:hx-hidden hx-pointer-events-none hx-h-4 hx-w-4">&lt;/div>
&lt;div class="success-icon hx-hidden group-[.copied]/copybtn:hx-block hx-pointer-events-none hx-h-4 hx-w-4">&lt;/div>
&lt;/button>
&lt;/div>
&lt;/div>
&lt;p>以下类可用于自定义主题的各个部分。&lt;/p>
&lt;h4>通用&lt;span class="hx-absolute -hx-mt-20" id="通用">&lt;/span>
&lt;a href="#%e9%80%9a%e7%94%a8" class="subheading-anchor" aria-label="Permalink for this section">&lt;/a>&lt;/h4>&lt;ul>
&lt;li>&lt;code>hextra-scrollbar&lt;/code> - 滚动条元素&lt;/li>
&lt;li>&lt;code>content&lt;/code> - 页面内容容器&lt;/li>
&lt;/ul>
&lt;h4>短代码&lt;span class="hx-absolute -hx-mt-20" id="短代码">&lt;/span>
&lt;a href="#%e7%9f%ad%e4%bb%a3%e7%a0%81" class="subheading-anchor" aria-label="Permalink for this section">&lt;/a>&lt;/h4>&lt;h5>徽章&lt;span class="hx-absolute -hx-mt-20" id="徽章">&lt;/span>
&lt;a href="#%e5%be%bd%e7%ab%a0" class="subheading-anchor" aria-label="Permalink for this section">&lt;/a>&lt;/h5>&lt;ul>
&lt;li>&lt;code>hextra-badge&lt;/code> - 徽章元素&lt;/li>
&lt;/ul>
&lt;h5>卡片&lt;span class="hx-absolute -hx-mt-20" id="卡片">&lt;/span>
&lt;a href="#%e5%8d%a1%e7%89%87" class="subheading-anchor" aria-label="Permalink for this section">&lt;/a>&lt;/h5>&lt;ul>
&lt;li>&lt;code>hextra-card&lt;/code> - 卡片元素&lt;/li>
&lt;li>&lt;code>hextra-card-image&lt;/code> - 卡片图片元素&lt;/li>
&lt;li>&lt;code>hextra-card-icon&lt;/code> - 卡片图标元素&lt;/li>
&lt;li>&lt;code>hextra-card-subtitle&lt;/code> - 卡片副标题元素&lt;/li>
&lt;/ul>
&lt;h5>卡片组&lt;span class="hx-absolute -hx-mt-20" id="卡片组">&lt;/span>
&lt;a href="#%e5%8d%a1%e7%89%87%e7%bb%84" class="subheading-anchor" aria-label="Permalink for this section">&lt;/a>&lt;/h5>&lt;ul>
&lt;li>&lt;code>hextra-cards&lt;/code> - 卡片网格容器&lt;/li>
&lt;/ul>
&lt;h5>Jupyter Notebook&lt;span class="hx-absolute -hx-mt-20" id="jupyter-notebook">&lt;/span>
&lt;a href="#jupyter-notebook" class="subheading-anchor" aria-label="Permalink for this section">&lt;/a>&lt;/h5>&lt;ul>
&lt;li>&lt;code>hextra-jupyter-code-cell&lt;/code> - Jupyter 代码单元容器&lt;/li>
&lt;li>&lt;code>hextra-jupyter-code-cell-outputs-container&lt;/code> - Jupyter 代码单元输出容器&lt;/li>
&lt;li>&lt;code>hextra-jupyter-code-cell-outputs&lt;/code> - Jupyter 代码单元输出 div 元素&lt;/li>
&lt;/ul>
&lt;h5>PDF&lt;span class="hx-absolute -hx-mt-20" id="pdf">&lt;/span>
&lt;a href="#pdf" class="subheading-anchor" aria-label="Permalink for this section">&lt;/a>&lt;/h5>&lt;ul>
&lt;li>&lt;code>hextra-pdf&lt;/code> - PDF 容器元素&lt;/li>
&lt;/ul>
&lt;h5>步骤&lt;span class="hx-absolute -hx-mt-20" id="步骤">&lt;/span>
&lt;a href="#%e6%ad%a5%e9%aa%a4" class="subheading-anchor" aria-label="Permalink for this section">&lt;/a>&lt;/h5>&lt;ul>
&lt;li>&lt;code>steps&lt;/code> - 步骤容器&lt;/li>
&lt;/ul>
&lt;h5>标签页&lt;span class="hx-absolute -hx-mt-20" id="标签页">&lt;/span>
&lt;a href="#%e6%a0%87%e7%ad%be%e9%a1%b5" class="subheading-anchor" aria-label="Permalink for this section">&lt;/a>&lt;/h5>&lt;ul>
&lt;li>&lt;code>hextra-tabs-panel&lt;/code> - 标签页面板容器&lt;/li>
&lt;li>&lt;code>hextra-tabs-toggle&lt;/code> - 标签页切换按钮&lt;/li>
&lt;/ul>
&lt;h5>文件树&lt;span class="hx-absolute -hx-mt-20" id="文件树">&lt;/span>
&lt;a href="#%e6%96%87%e4%bb%b6%e6%a0%91" class="subheading-anchor" aria-label="Permalink for this section">&lt;/a>&lt;/h5>&lt;ul>
&lt;li>&lt;code>hextra-filetree&lt;/code> - 文件树容器&lt;/li>
&lt;/ul>
&lt;h5>文件夹&lt;span class="hx-absolute -hx-mt-20" id="文件夹">&lt;/span>
&lt;a href="#%e6%96%87%e4%bb%b6%e5%a4%b9" class="subheading-anchor" aria-label="Permalink for this section">&lt;/a>&lt;/h5>&lt;ul>
&lt;li>&lt;code>hextra-filetree-folder&lt;/code> - 文件树文件夹容器&lt;/li>
&lt;/ul>
&lt;h4>导航栏&lt;span class="hx-absolute -hx-mt-20" id="导航栏">&lt;/span>
&lt;a href="#%e5%af%bc%e8%88%aa%e6%a0%8f" class="subheading-anchor" aria-label="Permalink for this section">&lt;/a>&lt;/h4>&lt;ul>
&lt;li>&lt;code>nav-container&lt;/code> - 导航栏容器&lt;/li>
&lt;li>&lt;code>nav-container-blur&lt;/code> - 导航栏模糊元素&lt;/li>
&lt;li>&lt;code>hamburger-menu&lt;/code> - 汉堡菜单按钮&lt;/li>
&lt;/ul>
&lt;h4>页脚&lt;span class="hx-absolute -hx-mt-20" id="页脚">&lt;/span>
&lt;a href="#%e9%a1%b5%e8%84%9a" class="subheading-anchor" aria-label="Permalink for this section">&lt;/a>&lt;/h4>&lt;ul>
&lt;li>&lt;code>hextra-footer&lt;/code> - 页脚元素&lt;/li>
&lt;li>&lt;code>hextra-custom-footer&lt;/code> - 自定义页脚部分容器&lt;/li>
&lt;/ul>
&lt;h4>搜索&lt;span class="hx-absolute -hx-mt-20" id="搜索">&lt;/span>
&lt;a href="#%e6%90%9c%e7%b4%a2" class="subheading-anchor" aria-label="Permalink for this section">&lt;/a>&lt;/h4>&lt;ul>
&lt;li>&lt;code>search-wrapper&lt;/code> - 搜索包装容器&lt;/li>
&lt;li>&lt;code>search-input&lt;/code> - 搜索输入元素&lt;/li>
&lt;li>&lt;code>search-results&lt;/code> - 搜索结果列表容器&lt;/li>
&lt;/ul>
&lt;h4>目录&lt;span class="hx-absolute -hx-mt-20" id="目录">&lt;/span>
&lt;a href="#%e7%9b%ae%e5%bd%95" class="subheading-anchor" aria-label="Permalink for this section">&lt;/a>&lt;/h4>&lt;ul>
&lt;li>&lt;code>hextra-toc&lt;/code> - 目录容器&lt;/li>
&lt;/ul>
&lt;h4>侧边栏&lt;span class="hx-absolute -hx-mt-20" id="侧边栏">&lt;/span>
&lt;a href="#%e4%be%a7%e8%be%b9%e6%a0%8f" class="subheading-anchor" aria-label="Permalink for this section">&lt;/a>&lt;/h4>&lt;ul>
&lt;li>&lt;code>mobile-menu-overlay&lt;/code> - 移动菜单的覆盖元素&lt;/li>
&lt;li>&lt;code>sidebar-container&lt;/code> - 侧边栏容器&lt;/li>
&lt;li>&lt;code>sidebar-active-item&lt;/code> - 侧边栏中的活动项&lt;/li>
&lt;/ul>
&lt;h4>语言切换器&lt;span class="hx-absolute -hx-mt-20" id="语言切换器">&lt;/span>
&lt;a href="#%e8%af%ad%e8%a8%80%e5%88%87%e6%8d%a2%e5%99%a8" class="subheading-anchor" aria-label="Permalink for this section">&lt;/a>&lt;/h4>&lt;ul>
&lt;li>&lt;code>language-switcher&lt;/code> - 语言切换按钮&lt;/li>
&lt;li>&lt;code>language-options&lt;/code> - 语言选项容器&lt;/li>
&lt;/ul>
&lt;h4>主题切换&lt;span class="hx-absolute -hx-mt-20" id="主题切换">&lt;/span>
&lt;a href="#%e4%b8%bb%e9%a2%98%e5%88%87%e6%8d%a2" class="subheading-anchor" aria-label="Permalink for this section">&lt;/a>&lt;/h4>&lt;ul>
&lt;li>&lt;code>theme-toggle&lt;/code> - 主题切换按钮&lt;/li>
&lt;/ul>
&lt;h4>代码复制按钮&lt;span class="hx-absolute -hx-mt-20" id="代码复制按钮">&lt;/span>
&lt;a href="#%e4%bb%a3%e7%a0%81%e5%a4%8d%e5%88%b6%e6%8c%89%e9%92%ae" class="subheading-anchor" aria-label="Permalink for this section">&lt;/a>&lt;/h4>&lt;ul>
&lt;li>&lt;code>hextra-code-copy-btn-container&lt;/code> - 代码复制按钮容器&lt;/li>
&lt;li>&lt;code>hextra-code-copy-btn&lt;/code> - 代码复制按钮&lt;/li>
&lt;/ul>
&lt;h4>代码块&lt;span class="hx-absolute -hx-mt-20" id="代码块">&lt;/span>
&lt;a href="#%e4%bb%a3%e7%a0%81%e5%9d%97" class="subheading-anchor" aria-label="Permalink for this section">&lt;/a>&lt;/h4>&lt;ul>
&lt;li>&lt;code>hextra-code-block&lt;/code> - 代码块容器&lt;/li>
&lt;/ul>
&lt;h4>功能卡片&lt;span class="hx-absolute -hx-mt-20" id="功能卡片">&lt;/span>
&lt;a href="#%e5%8a%9f%e8%83%bd%e5%8d%a1%e7%89%87" class="subheading-anchor" aria-label="Permalink for this section">&lt;/a>&lt;/h4>&lt;ul>
&lt;li>&lt;code>hextra-feature-card&lt;/code> - 功能卡片链接元素&lt;/li>
&lt;/ul>
&lt;h4>功能网格&lt;span class="hx-absolute -hx-mt-20" id="功能网格">&lt;/span>
&lt;a href="#%e5%8a%9f%e8%83%bd%e7%bd%91%e6%a0%bc" class="subheading-anchor" aria-label="Permalink for this section">&lt;/a>&lt;/h4>&lt;ul>
&lt;li>&lt;code>hextra-feature-grid&lt;/code> - 功能网格容器&lt;/li>
&lt;/ul>
&lt;h4>面包屑导航&lt;span class="hx-absolute -hx-mt-20" id="面包屑导航">&lt;/span>
&lt;a href="#%e9%9d%a2%e5%8c%85%e5%b1%91%e5%af%bc%e8%88%aa" class="subheading-anchor" aria-label="Permalink for this section">&lt;/a>&lt;/h4>&lt;p>面包屑导航没有特定的类。&lt;/p>
&lt;h3>语法高亮&lt;span class="hx-absolute -hx-mt-20" id="语法高亮">&lt;/span>
&lt;a href="#%e8%af%ad%e6%b3%95%e9%ab%98%e4%ba%ae" class="subheading-anchor" aria-label="Permalink for this section">&lt;/a>&lt;/h3>&lt;p>可用的语法高亮主题列表可在 &lt;a href="https://xyproto.github.io/splash/docs/all.html" target="_blank" rel="noopener">Chroma 样式库&lt;/a> 中找到。可以使用以下命令生成样式表：&lt;/p>
&lt;div class="hextra-code-block hx-relative hx-mt-6 first:hx-mt-0 hx-group/code">
&lt;div>&lt;div class="highlight">&lt;pre tabindex="0" class="chroma">&lt;code class="language-shell" data-lang="shell">&lt;span class="line">&lt;span class="cl">hugo gen chromastyles --style&lt;span class="o">=&lt;/span>github&lt;/span>&lt;/span>&lt;/code>&lt;/pre>&lt;/div>&lt;/div>&lt;div class="hextra-code-copy-btn-container hx-opacity-0 hx-transition group-hover/code:hx-opacity-100 hx-flex hx-gap-1 hx-absolute hx-m-[11px] hx-right-0 hx-top-0">
&lt;button
class="hextra-code-copy-btn hx-group/copybtn hx-transition-all active:hx-opacity-50 hx-bg-primary-700/5 hx-border hx-border-black/5 hx-text-gray-600 hover:hx-text-gray-900 hx-rounded-md hx-p-1.5 dark:hx-bg-primary-300/10 dark:hx-border-white/10 dark:hx-text-gray-400 dark:hover:hx-text-gray-50"
title="Copy code"
>
&lt;div class="copy-icon group-[.copied]/copybtn:hx-hidden hx-pointer-events-none hx-h-4 hx-w-4">&lt;/div>
&lt;div class="success-icon hx-hidden group-[.copied]/copybtn:hx-block hx-pointer-events-none hx-h-4 hx-w-4">&lt;/div>
&lt;/button>
&lt;/div>
&lt;/div>
&lt;p>要覆盖默认的语法高亮主题，可以将生成的样式添加到自定义 CSS 文件中。&lt;/p>
&lt;h2>自定义脚本&lt;span class="hx-absolute -hx-mt-20" id="自定义脚本">&lt;/span>
&lt;a href="#%e8%87%aa%e5%ae%9a%e4%b9%89%e8%84%9a%e6%9c%ac" class="subheading-anchor" aria-label="Permalink for this section">&lt;/a>&lt;/h2>&lt;p>你可以通过添加以下文件在每个页面的 head 末尾添加自定义脚本：&lt;/p>
&lt;div class="hextra-code-block hx-relative hx-mt-6 first:hx-mt-0 hx-group/code">
&lt;pre>&lt;code>layouts/partials/custom/head-end.html&lt;/code>&lt;/pre>&lt;div class="hextra-code-copy-btn-container hx-opacity-0 hx-transition group-hover/code:hx-opacity-100 hx-flex hx-gap-1 hx-absolute hx-m-[11px] hx-right-0 hx-top-0">
&lt;button
class="hextra-code-copy-btn hx-group/copybtn hx-transition-all active:hx-opacity-50 hx-bg-primary-700/5 hx-border hx-border-black/5 hx-text-gray-600 hover:hx-text-gray-900 hx-rounded-md hx-p-1.5 dark:hx-bg-primary-300/10 dark:hx-border-white/10 dark:hx-text-gray-400 dark:hover:hx-text-gray-50"
title="Copy code"
>
&lt;div class="copy-icon group-[.copied]/copybtn:hx-hidden hx-pointer-events-none hx-h-4 hx-w-4">&lt;/div>
&lt;div class="success-icon hx-hidden group-[.copied]/copybtn:hx-block hx-pointer-events-none hx-h-4 hx-w-4">&lt;/div>
&lt;/button>
&lt;/div>
&lt;/div>
&lt;h2>自定义页脚额外部分&lt;span class="hx-absolute -hx-mt-20" id="自定义页脚额外部分">&lt;/span>
&lt;a href="#%e8%87%aa%e5%ae%9a%e4%b9%89%e9%a1%b5%e8%84%9a%e9%a2%9d%e5%a4%96%e9%83%a8%e5%88%86" class="subheading-anchor" aria-label="Permalink for this section">&lt;/a>&lt;/h2>&lt;p>你可以通过在站点中创建文件 &lt;code>layouts/partials/custom/footer.html&lt;/code> 来在页脚中添加额外部分。&lt;/p>
&lt;div class="hextra-code-block hx-relative hx-mt-6 first:hx-mt-0 hx-group/code">
&lt;div class="filename not-prose" dir="auto">layouts/partials/custom/footer.html&lt;/div>&lt;div>&lt;div class="highlight">&lt;pre tabindex="0" class="chroma">&lt;code class="language-html" data-lang="html">&lt;span class="line">&lt;span class="cl">&lt;span class="c">&amp;lt;!-- 你的页脚元素在这里 --&amp;gt;&lt;/span>&lt;/span>&lt;/span>&lt;/code>&lt;/pre>&lt;/div>&lt;/div>&lt;div class="hextra-code-copy-btn-container hx-opacity-0 hx-transition group-hover/code:hx-opacity-100 hx-flex hx-gap-1 hx-absolute hx-m-[11px] hx-right-0 hx-top-8">
&lt;button
class="hextra-code-copy-btn hx-group/copybtn hx-transition-all active:hx-opacity-50 hx-bg-primary-700/5 hx-border hx-border-black/5 hx-text-gray-600 hover:hx-text-gray-900 hx-rounded-md hx-p-1.5 dark:hx-bg-primary-300/10 dark:hx-border-white/10 dark:hx-text-gray-400 dark:hover:hx-text-gray-50"
title="Copy code"
>
&lt;div class="copy-icon group-[.copied]/copybtn:hx-hidden hx-pointer-events-none hx-h-4 hx-w-4">&lt;/div>
&lt;div class="success-icon hx-hidden group-[.copied]/copybtn:hx-block hx-pointer-events-none hx-h-4 hx-w-4">&lt;/div>
&lt;/button>
&lt;/div>
&lt;/div>
&lt;p>添加的部分将出现在页脚的版权部分之前。
你可以使用 &lt;a href="https://developer.mozilla.org/en-US/docs/Web/HTML" target="_blank" rel="noopener">HTML&lt;/a> 和 &lt;a href="https://gohugo.io/templates/" target="_blank" rel="noopener">Hugo 模板语法&lt;/a> 来添加自己的内容。&lt;/p>
&lt;p>页脚部分可用的 Hugo 变量有：&lt;code>.switchesVisible&lt;/code> 和 &lt;code>.copyrightVisible&lt;/code>。&lt;/p>
&lt;h2>自定义布局&lt;span class="hx-absolute -hx-mt-20" id="自定义布局">&lt;/span>
&lt;a href="#%e8%87%aa%e5%ae%9a%e4%b9%89%e5%b8%83%e5%b1%80" class="subheading-anchor" aria-label="Permalink for this section">&lt;/a>&lt;/h2>&lt;p>可以通过在站点的 &lt;code>layouts&lt;/code> 目录中创建同名文件来覆盖主题的布局。
例如，要覆盖文档的 &lt;code>single.html&lt;/code> 布局，可以在站点中创建文件 &lt;code>layouts/docs/single.html&lt;/code>。&lt;/p>
&lt;p>更多信息，请参阅 &lt;a href="https://gohugo.io/templates/" target="_blank" rel="noopener">Hugo 模板文档&lt;/a>。&lt;/p>
&lt;h2>进一步自定义&lt;span class="hx-absolute -hx-mt-20" id="进一步自定义">&lt;/span>
&lt;a href="#%e8%bf%9b%e4%b8%80%e6%ad%a5%e8%87%aa%e5%ae%9a%e4%b9%89" class="subheading-anchor" aria-label="Permalink for this section">&lt;/a>&lt;/h2>&lt;p>没有找到你想要的？欢迎 &lt;a href="https://github.com/imfing/hextra/discussions" target="_blank" rel="noopener">发起讨论&lt;/a> 或为主题做出贡献！&lt;/p></description></item></channel></rss>