<rss version="2.0" xmlns:atom="http://www.w3.org/2005/Atom"><channel><title>Magnet BlockChain – Advanced Topics</title><link>https://www.magnetchain.xyz/en/docs/advanced/</link><description>Recent content in Advanced Topics on Magnet BlockChain</description><generator>Hugo -- gohugo.io</generator><language>en</language><atom:link href="https://www.magnetchain.xyz/en/docs/advanced/index.xml" rel="self" type="application/rss+xml"/><item><title>Multi-language</title><link>https://www.magnetchain.xyz/en/docs/advanced/multi-language/</link><pubDate>Mon, 01 Jan 0001 00:00:00 +0000</pubDate><guid>https://www.magnetchain.xyz/en/docs/advanced/multi-language/</guid><description>
&lt;p>Hextra supports creating site with multiple languages using Hugo&amp;rsquo;s &lt;a href="https://gohugo.io/content-management/multilingual/" target="_blank" rel="noopener">multilingual mode&lt;/a>.&lt;/p>
&lt;h2>Enable Multi-language&lt;span class="hx-absolute -hx-mt-20" id="enable-multi-language">&lt;/span>
&lt;a href="#enable-multi-language" class="subheading-anchor" aria-label="Permalink for this section">&lt;/a>&lt;/h2>&lt;p>To make our site multi-language, we need to tell Hugo the supported languages. We need to add to the site configuration file:&lt;/p>
&lt;div class="hextra-code-block hx-relative hx-mt-6 first:hx-mt-0 hx-group/code">
&lt;div class="filename not-prose" dir="auto">hugo.yaml&lt;/div>&lt;div>&lt;div class="highlight">&lt;pre tabindex="0" class="chroma">&lt;code class="language-yaml" data-lang="yaml">&lt;span class="line">&lt;span class="cl">&lt;span class="nt">defaultContentLanguage&lt;/span>&lt;span class="p">:&lt;/span>&lt;span class="w"> &lt;/span>&lt;span class="l">en&lt;/span>&lt;span class="w">
&lt;/span>&lt;/span>&lt;/span>&lt;span class="line">&lt;span class="cl">&lt;span class="w">&lt;/span>&lt;span class="nt">languages&lt;/span>&lt;span class="p">:&lt;/span>&lt;span class="w">
&lt;/span>&lt;/span>&lt;/span>&lt;span class="line">&lt;span class="cl">&lt;span class="w"> &lt;/span>&lt;span class="nt">en&lt;/span>&lt;span class="p">:&lt;/span>&lt;span class="w">
&lt;/span>&lt;/span>&lt;/span>&lt;span class="line">&lt;span class="cl">&lt;span class="w"> &lt;/span>&lt;span class="nt">languageName&lt;/span>&lt;span class="p">:&lt;/span>&lt;span class="w"> &lt;/span>&lt;span class="l">English&lt;/span>&lt;span class="w">
&lt;/span>&lt;/span>&lt;/span>&lt;span class="line">&lt;span class="cl">&lt;span class="w"> &lt;/span>&lt;span class="nt">weight&lt;/span>&lt;span class="p">:&lt;/span>&lt;span class="w"> &lt;/span>&lt;span class="m">1&lt;/span>&lt;span class="w">
&lt;/span>&lt;/span>&lt;/span>&lt;span class="line">&lt;span class="cl">&lt;span class="w"> &lt;/span>&lt;span class="nt">fr&lt;/span>&lt;span class="p">:&lt;/span>&lt;span class="w">
&lt;/span>&lt;/span>&lt;/span>&lt;span class="line">&lt;span class="cl">&lt;span class="w"> &lt;/span>&lt;span class="nt">languageName&lt;/span>&lt;span class="p">:&lt;/span>&lt;span class="w"> &lt;/span>&lt;span class="l">Français&lt;/span>&lt;span class="w">
&lt;/span>&lt;/span>&lt;/span>&lt;span class="line">&lt;span class="cl">&lt;span class="w"> &lt;/span>&lt;span class="nt">weight&lt;/span>&lt;span class="p">:&lt;/span>&lt;span class="w"> &lt;/span>&lt;span class="m">2&lt;/span>&lt;span class="w">
&lt;/span>&lt;/span>&lt;/span>&lt;span class="line">&lt;span class="cl">&lt;span class="w"> &lt;/span>&lt;span class="nt">ja&lt;/span>&lt;span class="p">:&lt;/span>&lt;span class="w">
&lt;/span>&lt;/span>&lt;/span>&lt;span class="line">&lt;span class="cl">&lt;span class="w"> &lt;/span>&lt;span class="nt">languageName&lt;/span>&lt;span class="p">:&lt;/span>&lt;span class="w"> &lt;/span>&lt;span class="l">日本語&lt;/span>&lt;span class="w">
&lt;/span>&lt;/span>&lt;/span>&lt;span class="line">&lt;span class="cl">&lt;span class="w"> &lt;/span>&lt;span class="nt">weight&lt;/span>&lt;span class="p">:&lt;/span>&lt;span class="w"> &lt;/span>&lt;span class="m">3&lt;/span>&lt;/span>&lt;/span>&lt;/code>&lt;/pre>&lt;/div>&lt;/div>&lt;div class="hextra-code-copy-btn-container hx-opacity-0 hx-transition group-hover/code:hx-opacity-100 hx-flex hx-gap-1 hx-absolute hx-m-[11px] hx-right-0 hx-top-8">
&lt;button
class="hextra-code-copy-btn hx-group/copybtn hx-transition-all active:hx-opacity-50 hx-bg-primary-700/5 hx-border hx-border-black/5 hx-text-gray-600 hover:hx-text-gray-900 hx-rounded-md hx-p-1.5 dark:hx-bg-primary-300/10 dark:hx-border-white/10 dark:hx-text-gray-400 dark:hover:hx-text-gray-50"
title="Copy code"
>
&lt;div class="copy-icon group-[.copied]/copybtn:hx-hidden hx-pointer-events-none hx-h-4 hx-w-4">&lt;/div>
&lt;div class="success-icon hx-hidden group-[.copied]/copybtn:hx-block hx-pointer-events-none hx-h-4 hx-w-4">&lt;/div>
&lt;/button>
&lt;/div>
&lt;/div>
&lt;h2>Manage Translations by Filename&lt;span class="hx-absolute -hx-mt-20" id="manage-translations-by-filename">&lt;/span>
&lt;a href="#manage-translations-by-filename" class="subheading-anchor" aria-label="Permalink for this section">&lt;/a>&lt;/h2>&lt;p>Hugo supports managing translations by filename. For example, if we have a file &lt;code>content/docs/_index.md&lt;/code> in English, we can create a file &lt;code>content/docs/_index.fr.md&lt;/code> for French translation.&lt;/p>
&lt;div class="hextra-filetree hx-mt-6 hx-select-none hx-text-sm hx-text-gray-800 dark:hx-text-gray-300 not-prose">
&lt;div class="hx-inline-block hx-rounded-lg hx-border hx-px-4 hx-py-2 dark:hx-border-neutral-800">
&lt;li class="hx-group hx-flex hx-list-none hx-flex-col">
&lt;button class="hextra-filetree-folder hx-inline-flex hx-cursor-pointer hx-items-center hx-py-1 hover:hx-opacity-60">
&lt;span data-state="open" class="data-[state=open]:hx-hidden">&lt;svg width=1em xmlns="http://www.w3.org/2000/svg" fill="none" viewBox="0 0 24 24" stroke-width="2" stroke="currentColor" aria-hidden="true">&lt;path stroke-linecap="round" stroke-linejoin="round" d="M3 7v10a2 2 0 002 2h14a2 2 0 002-2V9a2 2 0 00-2-2h-6l-2-2H5a2 2 0 00-2 2z"/>&lt;/svg>&lt;/span>
&lt;span data-state="open" class="data-[state=closed]:hx-hidden">&lt;svg width=1em xmlns="http://www.w3.org/2000/svg" fill="none" viewBox="0 0 24 24" stroke-width="2" stroke="currentColor" aria-hidden="true">&lt;path stroke-linecap="round" stroke-linejoin="round" d="M5 19a2 2 0 01-2-2V7a2 2 0 012-2h4l2 2h4a2 2 0 012 2v1M5 19h14a2 2 0 002-2v-5a2 2 0 00-2-2H9a2 2 0 00-2 2v5a2 2 0 01-2 2z"/>&lt;/svg>&lt;/span>
&lt;span class="ltr:hx-ml-1 rtl:hx-mr-1">content&lt;/span>
&lt;/button>
&lt;ul data-state="open" class="ltr:hx-pl-5 rtl:hx-pr-5 data-[state=closed]:hx-hidden">
&lt;li class="hx-group hx-flex hx-list-none hx-flex-col">
&lt;button class="hextra-filetree-folder hx-inline-flex hx-cursor-pointer hx-items-center hx-py-1 hover:hx-opacity-60">
&lt;span data-state="open" class="data-[state=open]:hx-hidden">&lt;svg width=1em xmlns="http://www.w3.org/2000/svg" fill="none" viewBox="0 0 24 24" stroke-width="2" stroke="currentColor" aria-hidden="true">&lt;path stroke-linecap="round" stroke-linejoin="round" d="M3 7v10a2 2 0 002 2h14a2 2 0 002-2V9a2 2 0 00-2-2h-6l-2-2H5a2 2 0 00-2 2z"/>&lt;/svg>&lt;/span>
&lt;span data-state="open" class="data-[state=closed]:hx-hidden">&lt;svg width=1em xmlns="http://www.w3.org/2000/svg" fill="none" viewBox="0 0 24 24" stroke-width="2" stroke="currentColor" aria-hidden="true">&lt;path stroke-linecap="round" stroke-linejoin="round" d="M5 19a2 2 0 01-2-2V7a2 2 0 012-2h4l2 2h4a2 2 0 012 2v1M5 19h14a2 2 0 002-2v-5a2 2 0 00-2-2H9a2 2 0 00-2 2v5a2 2 0 01-2 2z"/>&lt;/svg>&lt;/span>
&lt;span class="ltr:hx-ml-1 rtl:hx-mr-1">docs&lt;/span>
&lt;/button>
&lt;ul data-state="open" class="ltr:hx-pl-5 rtl:hx-pr-5 data-[state=closed]:hx-hidden">
&lt;li class="hx-flex hx-list-none">
&lt;span class="hx-inline-flex hx-cursor-default hx-items-center hx-py-1">&lt;svg width=1em xmlns="http://www.w3.org/2000/svg" fill="none" viewBox="0 0 24 24" stroke-width="2" stroke="currentColor" aria-hidden="true">&lt;path stroke-linecap="round" stroke-linejoin="round" d="M9 12h6m-6 4h6m2 5H7a2 2 0 01-2-2V5a2 2 0 012-2h5.586a1 1 0 01.707.293l5.414 5.414a1 1 0 01.293.707V19a2 2 0 01-2 2z"/>&lt;/svg>&lt;span class="ltr:hx-ml-1 rtl:hx-mr-1">_index.md&lt;/span>
&lt;/span>
&lt;/li>
&lt;li class="hx-flex hx-list-none">
&lt;span class="hx-inline-flex hx-cursor-default hx-items-center hx-py-1">&lt;svg width=1em xmlns="http://www.w3.org/2000/svg" fill="none" viewBox="0 0 24 24" stroke-width="2" stroke="currentColor" aria-hidden="true">&lt;path stroke-linecap="round" stroke-linejoin="round" d="M9 12h6m-6 4h6m2 5H7a2 2 0 01-2-2V5a2 2 0 012-2h5.586a1 1 0 01.707.293l5.414 5.414a1 1 0 01.293.707V19a2 2 0 01-2 2z"/>&lt;/svg>&lt;span class="ltr:hx-ml-1 rtl:hx-mr-1">_index.fr.md&lt;/span>
&lt;/span>
&lt;/li>
&lt;li class="hx-flex hx-list-none">
&lt;span class="hx-inline-flex hx-cursor-default hx-items-center hx-py-1">&lt;svg width=1em xmlns="http://www.w3.org/2000/svg" fill="none" viewBox="0 0 24 24" stroke-width="2" stroke="currentColor" aria-hidden="true">&lt;path stroke-linecap="round" stroke-linejoin="round" d="M9 12h6m-6 4h6m2 5H7a2 2 0 01-2-2V5a2 2 0 012-2h5.586a1 1 0 01.707.293l5.414 5.414a1 1 0 01.293.707V19a2 2 0 01-2 2z"/>&lt;/svg>&lt;span class="ltr:hx-ml-1 rtl:hx-mr-1">_index.ja.md&lt;/span>
&lt;/span>
&lt;/li>
&lt;/ul>
&lt;/li>
&lt;/ul>
&lt;/li>
&lt;/div>
&lt;/div>
&lt;p>Note: Hugo also supports &lt;a href="https://gohugo.io/content-management/multilingual/#translation-by-content-directory" target="_blank" rel="noopener">Translation by content directory&lt;/a>.&lt;/p>
&lt;h2>Translate Menu Items&lt;span class="hx-absolute -hx-mt-20" id="translate-menu-items">&lt;/span>
&lt;a href="#translate-menu-items" class="subheading-anchor" aria-label="Permalink for this section">&lt;/a>&lt;/h2>&lt;p>To translate menu items in the navigation bar, we need to set the &lt;code>identifier&lt;/code> field:&lt;/p>
&lt;div class="hextra-code-block hx-relative hx-mt-6 first:hx-mt-0 hx-group/code">
&lt;div class="filename not-prose" dir="auto">hugo.yaml&lt;/div>&lt;div>&lt;div class="highlight">&lt;pre tabindex="0" class="chroma">&lt;code class="language-yaml" data-lang="yaml">&lt;span class="line">&lt;span class="cl">&lt;span class="nt">menu&lt;/span>&lt;span class="p">:&lt;/span>&lt;span class="w">
&lt;/span>&lt;/span>&lt;/span>&lt;span class="line">&lt;span class="cl">&lt;span class="w"> &lt;/span>&lt;span class="nt">main&lt;/span>&lt;span class="p">:&lt;/span>&lt;span class="w">
&lt;/span>&lt;/span>&lt;/span>&lt;span class="line">&lt;span class="cl">&lt;span class="w"> &lt;/span>- &lt;span class="nt">identifier&lt;/span>&lt;span class="p">:&lt;/span>&lt;span class="w"> &lt;/span>&lt;span class="l">documentation&lt;/span>&lt;span class="w">
&lt;/span>&lt;/span>&lt;/span>&lt;span class="line">&lt;span class="cl">&lt;span class="w"> &lt;/span>&lt;span class="nt">name&lt;/span>&lt;span class="p">:&lt;/span>&lt;span class="w"> &lt;/span>&lt;span class="l">Documentation&lt;/span>&lt;span class="w">
&lt;/span>&lt;/span>&lt;/span>&lt;span class="line">&lt;span class="cl">&lt;span class="w"> &lt;/span>&lt;span class="nt">pageRef&lt;/span>&lt;span class="p">:&lt;/span>&lt;span class="w"> &lt;/span>&lt;span class="l">/docs&lt;/span>&lt;span class="w">
&lt;/span>&lt;/span>&lt;/span>&lt;span class="line">&lt;span class="cl">&lt;span class="w"> &lt;/span>&lt;span class="nt">weight&lt;/span>&lt;span class="p">:&lt;/span>&lt;span class="w"> &lt;/span>&lt;span class="m">1&lt;/span>&lt;span class="w">
&lt;/span>&lt;/span>&lt;/span>&lt;span class="line">&lt;span class="cl">&lt;span class="w"> &lt;/span>- &lt;span class="nt">identifier&lt;/span>&lt;span class="p">:&lt;/span>&lt;span class="w"> &lt;/span>&lt;span class="l">blog&lt;/span>&lt;span class="w">
&lt;/span>&lt;/span>&lt;/span>&lt;span class="line">&lt;span class="cl">&lt;span class="w"> &lt;/span>&lt;span class="nt">name&lt;/span>&lt;span class="p">:&lt;/span>&lt;span class="w"> &lt;/span>&lt;span class="l">Blog&lt;/span>&lt;span class="w">
&lt;/span>&lt;/span>&lt;/span>&lt;span class="line">&lt;span class="cl">&lt;span class="w"> &lt;/span>&lt;span class="nt">pageRef&lt;/span>&lt;span class="p">:&lt;/span>&lt;span class="w"> &lt;/span>&lt;span class="l">/blog&lt;/span>&lt;span class="w">
&lt;/span>&lt;/span>&lt;/span>&lt;span class="line">&lt;span class="cl">&lt;span class="w"> &lt;/span>&lt;span class="nt">weight&lt;/span>&lt;span class="p">:&lt;/span>&lt;span class="w"> &lt;/span>&lt;span class="m">2&lt;/span>&lt;/span>&lt;/span>&lt;/code>&lt;/pre>&lt;/div>&lt;/div>&lt;div class="hextra-code-copy-btn-container hx-opacity-0 hx-transition group-hover/code:hx-opacity-100 hx-flex hx-gap-1 hx-absolute hx-m-[11px] hx-right-0 hx-top-8">
&lt;button
class="hextra-code-copy-btn hx-group/copybtn hx-transition-all active:hx-opacity-50 hx-bg-primary-700/5 hx-border hx-border-black/5 hx-text-gray-600 hover:hx-text-gray-900 hx-rounded-md hx-p-1.5 dark:hx-bg-primary-300/10 dark:hx-border-white/10 dark:hx-text-gray-400 dark:hover:hx-text-gray-50"
title="Copy code"
>
&lt;div class="copy-icon group-[.copied]/copybtn:hx-hidden hx-pointer-events-none hx-h-4 hx-w-4">&lt;/div>
&lt;div class="success-icon hx-hidden group-[.copied]/copybtn:hx-block hx-pointer-events-none hx-h-4 hx-w-4">&lt;/div>
&lt;/button>
&lt;/div>
&lt;/div>
&lt;p>and translate them in the corresponding i18n file:&lt;/p>
&lt;div class="hextra-code-block hx-relative hx-mt-6 first:hx-mt-0 hx-group/code">
&lt;div class="filename not-prose" dir="auto">i18n/fr.yaml&lt;/div>&lt;div>&lt;div class="highlight">&lt;pre tabindex="0" class="chroma">&lt;code class="language-yaml" data-lang="yaml">&lt;span class="line">&lt;span class="cl">&lt;span class="nt">documentation&lt;/span>&lt;span class="p">:&lt;/span>&lt;span class="w"> &lt;/span>&lt;span class="l">Documentation&lt;/span>&lt;span class="w">
&lt;/span>&lt;/span>&lt;/span>&lt;span class="line">&lt;span class="cl">&lt;span class="w">&lt;/span>&lt;span class="nt">blog&lt;/span>&lt;span class="p">:&lt;/span>&lt;span class="w"> &lt;/span>&lt;span class="l">Blog&lt;/span>&lt;/span>&lt;/span>&lt;/code>&lt;/pre>&lt;/div>&lt;/div>&lt;div class="hextra-code-copy-btn-container hx-opacity-0 hx-transition group-hover/code:hx-opacity-100 hx-flex hx-gap-1 hx-absolute hx-m-[11px] hx-right-0 hx-top-8">
&lt;button
class="hextra-code-copy-btn hx-group/copybtn hx-transition-all active:hx-opacity-50 hx-bg-primary-700/5 hx-border hx-border-black/5 hx-text-gray-600 hover:hx-text-gray-900 hx-rounded-md hx-p-1.5 dark:hx-bg-primary-300/10 dark:hx-border-white/10 dark:hx-text-gray-400 dark:hover:hx-text-gray-50"
title="Copy code"
>
&lt;div class="copy-icon group-[.copied]/copybtn:hx-hidden hx-pointer-events-none hx-h-4 hx-w-4">&lt;/div>
&lt;div class="success-icon hx-hidden group-[.copied]/copybtn:hx-block hx-pointer-events-none hx-h-4 hx-w-4">&lt;/div>
&lt;/button>
&lt;/div>
&lt;/div>
&lt;h2>Translate Strings&lt;span class="hx-absolute -hx-mt-20" id="translate-strings">&lt;/span>
&lt;a href="#translate-strings" class="subheading-anchor" aria-label="Permalink for this section">&lt;/a>&lt;/h2>&lt;p>To translate strings on the other places, we need to add the translation to the corresponding i18n file:&lt;/p>
&lt;div class="hextra-code-block hx-relative hx-mt-6 first:hx-mt-0 hx-group/code">
&lt;div class="filename not-prose" dir="auto">i18n/fr.yaml&lt;/div>&lt;div>&lt;div class="highlight">&lt;pre tabindex="0" class="chroma">&lt;code class="language-yaml" data-lang="yaml">&lt;span class="line">&lt;span class="cl">&lt;span class="nt">readMore&lt;/span>&lt;span class="p">:&lt;/span>&lt;span class="w"> &lt;/span>&lt;span class="l">Lire la suite&lt;/span>&lt;/span>&lt;/span>&lt;/code>&lt;/pre>&lt;/div>&lt;/div>&lt;div class="hextra-code-copy-btn-container hx-opacity-0 hx-transition group-hover/code:hx-opacity-100 hx-flex hx-gap-1 hx-absolute hx-m-[11px] hx-right-0 hx-top-8">
&lt;button
class="hextra-code-copy-btn hx-group/copybtn hx-transition-all active:hx-opacity-50 hx-bg-primary-700/5 hx-border hx-border-black/5 hx-text-gray-600 hover:hx-text-gray-900 hx-rounded-md hx-p-1.5 dark:hx-bg-primary-300/10 dark:hx-border-white/10 dark:hx-text-gray-400 dark:hover:hx-text-gray-50"
title="Copy code"
>
&lt;div class="copy-icon group-[.copied]/copybtn:hx-hidden hx-pointer-events-none hx-h-4 hx-w-4">&lt;/div>
&lt;div class="success-icon hx-hidden group-[.copied]/copybtn:hx-block hx-pointer-events-none hx-h-4 hx-w-4">&lt;/div>
&lt;/button>
&lt;/div>
&lt;/div>
&lt;p>A list of strings used in the theme can be found in the &lt;code>i18n/en.yaml&lt;/code> file.&lt;/p>
&lt;h2>Read More&lt;span class="hx-absolute -hx-mt-20" id="read-more">&lt;/span>
&lt;a href="#read-more" class="subheading-anchor" aria-label="Permalink for this section">&lt;/a>&lt;/h2>&lt;ul>
&lt;li>&lt;a href="https://gohugo.io/content-management/multilingual/" target="_blank" rel="noopener">Hugo Multilingual Mode&lt;/a>&lt;/li>
&lt;li>&lt;a href="https://www.regisphilibert.com/blog/2018/08/hugo-multilingual-part-1-managing-content-translation/" target="_blank" rel="noopener">Hugo Multilingual Part 1: Content translation&lt;/a>&lt;/li>
&lt;li>&lt;a href="https://www.regisphilibert.com/blog/2018/08/hugo-multilingual-part-2-i18n-string-localization/" target="_blank" rel="noopener">Hugo Multilingual Part 2: Strings localization&lt;/a>&lt;/li>
&lt;/ul></description></item><item><title>Comments System</title><link>https://www.magnetchain.xyz/en/docs/advanced/comments/</link><pubDate>Mon, 01 Jan 0001 00:00:00 +0000</pubDate><guid>https://www.magnetchain.xyz/en/docs/advanced/comments/</guid><description>
&lt;p>Hextra supports adding comments system to your site.
Currently &lt;a href="https://giscus.app/" target="_blank" rel="noopener">giscus&lt;/a> is supported.&lt;/p>
&lt;h2>giscus&lt;span class="hx-absolute -hx-mt-20" id="giscus">&lt;/span>
&lt;a href="#giscus" class="subheading-anchor" aria-label="Permalink for this section">&lt;/a>&lt;/h2>&lt;p>&lt;a href="https://giscus.app/" target="_blank" rel="noopener">giscus&lt;/a> is a comments system powered by &lt;a href="https://docs.github.com/en/discussions" target="_blank" rel="noopener">GitHub Discussions&lt;/a>. It is free and open source.&lt;/p>
&lt;p>To enable giscus, you need to add the following to the site configuration file:&lt;/p>
&lt;div class="hextra-code-block hx-relative hx-mt-6 first:hx-mt-0 hx-group/code">
&lt;div class="filename not-prose" dir="auto">hugo.yaml&lt;/div>&lt;div>&lt;div class="highlight">&lt;pre tabindex="0" class="chroma">&lt;code class="language-yaml" data-lang="yaml">&lt;span class="line">&lt;span class="cl">&lt;span class="nt">params&lt;/span>&lt;span class="p">:&lt;/span>&lt;span class="w">
&lt;/span>&lt;/span>&lt;/span>&lt;span class="line">&lt;span class="cl">&lt;span class="w"> &lt;/span>&lt;span class="nt">comments&lt;/span>&lt;span class="p">:&lt;/span>&lt;span class="w">
&lt;/span>&lt;/span>&lt;/span>&lt;span class="line">&lt;span class="cl">&lt;span class="w"> &lt;/span>&lt;span class="nt">enable&lt;/span>&lt;span class="p">:&lt;/span>&lt;span class="w"> &lt;/span>&lt;span class="kc">false&lt;/span>&lt;span class="w">
&lt;/span>&lt;/span>&lt;/span>&lt;span class="line">&lt;span class="cl">&lt;span class="w"> &lt;/span>&lt;span class="nt">type&lt;/span>&lt;span class="p">:&lt;/span>&lt;span class="w"> &lt;/span>&lt;span class="l">giscus&lt;/span>&lt;span class="w">
&lt;/span>&lt;/span>&lt;/span>&lt;span class="line">&lt;span class="cl">&lt;span class="w">
&lt;/span>&lt;/span>&lt;/span>&lt;span class="line">&lt;span class="cl">&lt;span class="w"> &lt;/span>&lt;span class="nt">giscus&lt;/span>&lt;span class="p">:&lt;/span>&lt;span class="w">
&lt;/span>&lt;/span>&lt;/span>&lt;span class="line">&lt;span class="cl">&lt;span class="w"> &lt;/span>&lt;span class="nt">repo&lt;/span>&lt;span class="p">:&lt;/span>&lt;span class="w"> &lt;/span>&lt;span class="l">&amp;lt;repository&amp;gt;&lt;/span>&lt;span class="w">
&lt;/span>&lt;/span>&lt;/span>&lt;span class="line">&lt;span class="cl">&lt;span class="w"> &lt;/span>&lt;span class="nt">repoId&lt;/span>&lt;span class="p">:&lt;/span>&lt;span class="w"> &lt;/span>&lt;span class="l">&amp;lt;repository ID&amp;gt;&lt;/span>&lt;span class="w">
&lt;/span>&lt;/span>&lt;/span>&lt;span class="line">&lt;span class="cl">&lt;span class="w"> &lt;/span>&lt;span class="nt">category&lt;/span>&lt;span class="p">:&lt;/span>&lt;span class="w"> &lt;/span>&lt;span class="l">&amp;lt;category&amp;gt;&lt;/span>&lt;span class="w">
&lt;/span>&lt;/span>&lt;/span>&lt;span class="line">&lt;span class="cl">&lt;span class="w"> &lt;/span>&lt;span class="nt">categoryId&lt;/span>&lt;span class="p">:&lt;/span>&lt;span class="w"> &lt;/span>&lt;span class="l">&amp;lt;category ID&amp;gt;&lt;/span>&lt;/span>&lt;/span>&lt;/code>&lt;/pre>&lt;/div>&lt;/div>&lt;div class="hextra-code-copy-btn-container hx-opacity-0 hx-transition group-hover/code:hx-opacity-100 hx-flex hx-gap-1 hx-absolute hx-m-[11px] hx-right-0 hx-top-8">
&lt;button
class="hextra-code-copy-btn hx-group/copybtn hx-transition-all active:hx-opacity-50 hx-bg-primary-700/5 hx-border hx-border-black/5 hx-text-gray-600 hover:hx-text-gray-900 hx-rounded-md hx-p-1.5 dark:hx-bg-primary-300/10 dark:hx-border-white/10 dark:hx-text-gray-400 dark:hover:hx-text-gray-50"
title="Copy code"
>
&lt;div class="copy-icon group-[.copied]/copybtn:hx-hidden hx-pointer-events-none hx-h-4 hx-w-4">&lt;/div>
&lt;div class="success-icon hx-hidden group-[.copied]/copybtn:hx-block hx-pointer-events-none hx-h-4 hx-w-4">&lt;/div>
&lt;/button>
&lt;/div>
&lt;/div>
&lt;p>The giscus configurations can be constructed from the &lt;a href="https://giscus.app/" target="_blank" rel="noopener">giscus.app&lt;/a> website. More details can also be found there.&lt;/p>
&lt;p>Comments can be enabled or disabled for a specific page in the page front matter:&lt;/p>
&lt;div class="hextra-code-block hx-relative hx-mt-6 first:hx-mt-0 hx-group/code">
&lt;div class="filename not-prose" dir="auto">content/docs/about.md&lt;/div>&lt;div>&lt;div class="highlight">&lt;pre tabindex="0" class="chroma">&lt;code class="language-yaml" data-lang="yaml">&lt;span class="line">&lt;span class="cl">&lt;span class="nn">---&lt;/span>&lt;span class="w">
&lt;/span>&lt;/span>&lt;/span>&lt;span class="line">&lt;span class="cl">&lt;span class="w">&lt;/span>&lt;span class="nt">title&lt;/span>&lt;span class="p">:&lt;/span>&lt;span class="w"> &lt;/span>&lt;span class="l">About&lt;/span>&lt;span class="w">
&lt;/span>&lt;/span>&lt;/span>&lt;span class="line">&lt;span class="cl">&lt;span class="w">&lt;/span>&lt;span class="nt">comments&lt;/span>&lt;span class="p">:&lt;/span>&lt;span class="w"> &lt;/span>&lt;span class="kc">true&lt;/span>&lt;span class="w">
&lt;/span>&lt;/span>&lt;/span>&lt;span class="line">&lt;span class="cl">&lt;span class="w">&lt;/span>&lt;span class="nn">---&lt;/span>&lt;/span>&lt;/span>&lt;/code>&lt;/pre>&lt;/div>&lt;/div>&lt;div class="hextra-code-copy-btn-container hx-opacity-0 hx-transition group-hover/code:hx-opacity-100 hx-flex hx-gap-1 hx-absolute hx-m-[11px] hx-right-0 hx-top-8">
&lt;button
class="hextra-code-copy-btn hx-group/copybtn hx-transition-all active:hx-opacity-50 hx-bg-primary-700/5 hx-border hx-border-black/5 hx-text-gray-600 hover:hx-text-gray-900 hx-rounded-md hx-p-1.5 dark:hx-bg-primary-300/10 dark:hx-border-white/10 dark:hx-text-gray-400 dark:hover:hx-text-gray-50"
title="Copy code"
>
&lt;div class="copy-icon group-[.copied]/copybtn:hx-hidden hx-pointer-events-none hx-h-4 hx-w-4">&lt;/div>
&lt;div class="success-icon hx-hidden group-[.copied]/copybtn:hx-block hx-pointer-events-none hx-h-4 hx-w-4">&lt;/div>
&lt;/button>
&lt;/div>
&lt;/div></description></item><item><title>Customizing Hextra</title><link>https://www.magnetchain.xyz/en/docs/advanced/customization/</link><pubDate>Mon, 01 Jan 0001 00:00:00 +0000</pubDate><guid>https://www.magnetchain.xyz/en/docs/advanced/customization/</guid><description>
&lt;p>Hextra offers some default customization options in the &lt;code>hugo.yaml&lt;/code> config file to configure the theme.
This page describes the available options and how to customize the theme further.&lt;/p>
&lt;h2>Custom CSS&lt;span class="hx-absolute -hx-mt-20" id="custom-css">&lt;/span>
&lt;a href="#custom-css" class="subheading-anchor" aria-label="Permalink for this section">&lt;/a>&lt;/h2>&lt;p>To add custom CSS, we need to create a file &lt;code>assets/css/custom.css&lt;/code> in our site. Hextra will automatically load this file.&lt;/p>
&lt;h3>Font Family&lt;span class="hx-absolute -hx-mt-20" id="font-family">&lt;/span>
&lt;a href="#font-family" class="subheading-anchor" aria-label="Permalink for this section">&lt;/a>&lt;/h3>&lt;p>The font family of the content can be customized using:&lt;/p>
&lt;div class="hextra-code-block hx-relative hx-mt-6 first:hx-mt-0 hx-group/code">
&lt;div class="filename not-prose" dir="auto">assets/css/custom.css&lt;/div>&lt;div>&lt;div class="highlight">&lt;pre tabindex="0" class="chroma">&lt;code class="language-css" data-lang="css">&lt;span class="line">&lt;span class="cl">&lt;span class="p">.&lt;/span>&lt;span class="nc">content&lt;/span> &lt;span class="p">{&lt;/span>
&lt;/span>&lt;/span>&lt;span class="line">&lt;span class="cl"> &lt;span class="k">font-family&lt;/span>&lt;span class="p">:&lt;/span> &lt;span class="s2">&amp;#34;Times New Roman&amp;#34;&lt;/span>&lt;span class="p">,&lt;/span> &lt;span class="n">Times&lt;/span>&lt;span class="p">,&lt;/span> &lt;span class="kc">serif&lt;/span>&lt;span class="p">;&lt;/span>
&lt;/span>&lt;/span>&lt;span class="line">&lt;span class="cl">&lt;span class="p">}&lt;/span>&lt;/span>&lt;/span>&lt;/code>&lt;/pre>&lt;/div>&lt;/div>&lt;div class="hextra-code-copy-btn-container hx-opacity-0 hx-transition group-hover/code:hx-opacity-100 hx-flex hx-gap-1 hx-absolute hx-m-[11px] hx-right-0 hx-top-8">
&lt;button
class="hextra-code-copy-btn hx-group/copybtn hx-transition-all active:hx-opacity-50 hx-bg-primary-700/5 hx-border hx-border-black/5 hx-text-gray-600 hover:hx-text-gray-900 hx-rounded-md hx-p-1.5 dark:hx-bg-primary-300/10 dark:hx-border-white/10 dark:hx-text-gray-400 dark:hover:hx-text-gray-50"
title="Copy code"
>
&lt;div class="copy-icon group-[.copied]/copybtn:hx-hidden hx-pointer-events-none hx-h-4 hx-w-4">&lt;/div>
&lt;div class="success-icon hx-hidden group-[.copied]/copybtn:hx-block hx-pointer-events-none hx-h-4 hx-w-4">&lt;/div>
&lt;/button>
&lt;/div>
&lt;/div>
&lt;h3>Inline Code Element&lt;span class="hx-absolute -hx-mt-20" id="inline-code-element">&lt;/span>
&lt;a href="#inline-code-element" class="subheading-anchor" aria-label="Permalink for this section">&lt;/a>&lt;/h3>&lt;p>The color of text mixed with &lt;code>other text&lt;/code> can customized with:&lt;/p>
&lt;div class="hextra-code-block hx-relative hx-mt-6 first:hx-mt-0 hx-group/code">
&lt;div class="filename not-prose" dir="auto">assets/css/custom.css&lt;/div>&lt;div>&lt;div class="highlight">&lt;pre tabindex="0" class="chroma">&lt;code class="language-css" data-lang="css">&lt;span class="line">&lt;span class="cl">&lt;span class="p">.&lt;/span>&lt;span class="nc">content&lt;/span> &lt;span class="nt">code&lt;/span>&lt;span class="p">:&lt;/span>&lt;span class="nd">not&lt;/span>&lt;span class="o">(&lt;/span>&lt;span class="p">.&lt;/span>&lt;span class="nc">code-block&lt;/span> &lt;span class="nt">code&lt;/span>&lt;span class="o">)&lt;/span> &lt;span class="p">{&lt;/span>
&lt;/span>&lt;/span>&lt;span class="line">&lt;span class="cl"> &lt;span class="k">color&lt;/span>&lt;span class="p">:&lt;/span> &lt;span class="mh">#c97c2e&lt;/span>&lt;span class="p">;&lt;/span>
&lt;/span>&lt;/span>&lt;span class="line">&lt;span class="cl">&lt;span class="p">}&lt;/span>&lt;/span>&lt;/span>&lt;/code>&lt;/pre>&lt;/div>&lt;/div>&lt;div class="hextra-code-copy-btn-container hx-opacity-0 hx-transition group-hover/code:hx-opacity-100 hx-flex hx-gap-1 hx-absolute hx-m-[11px] hx-right-0 hx-top-8">
&lt;button
class="hextra-code-copy-btn hx-group/copybtn hx-transition-all active:hx-opacity-50 hx-bg-primary-700/5 hx-border hx-border-black/5 hx-text-gray-600 hover:hx-text-gray-900 hx-rounded-md hx-p-1.5 dark:hx-bg-primary-300/10 dark:hx-border-white/10 dark:hx-text-gray-400 dark:hover:hx-text-gray-50"
title="Copy code"
>
&lt;div class="copy-icon group-[.copied]/copybtn:hx-hidden hx-pointer-events-none hx-h-4 hx-w-4">&lt;/div>
&lt;div class="success-icon hx-hidden group-[.copied]/copybtn:hx-block hx-pointer-events-none hx-h-4 hx-w-4">&lt;/div>
&lt;/button>
&lt;/div>
&lt;/div>
&lt;h3>Primary Color&lt;span class="hx-absolute -hx-mt-20" id="primary-color">&lt;/span>
&lt;a href="#primary-color" class="subheading-anchor" aria-label="Permalink for this section">&lt;/a>&lt;/h3>&lt;p>The primary color of the theme can be customized by setting the &lt;code>--primary-hue&lt;/code>, &lt;code>--primary-saturation&lt;/code> and &lt;code>--primary-lightness&lt;/code> variables:&lt;/p>
&lt;div class="hextra-code-block hx-relative hx-mt-6 first:hx-mt-0 hx-group/code">
&lt;div class="filename not-prose" dir="auto">assets/css/custom.css&lt;/div>&lt;div>&lt;div class="highlight">&lt;pre tabindex="0" class="chroma">&lt;code class="language-css" data-lang="css">&lt;span class="line">&lt;span class="cl">&lt;span class="p">:&lt;/span>&lt;span class="nd">root&lt;/span> &lt;span class="p">{&lt;/span>
&lt;/span>&lt;/span>&lt;span class="line">&lt;span class="cl"> &lt;span class="nv">--primary-hue&lt;/span>&lt;span class="p">:&lt;/span> &lt;span class="mi">100&lt;/span>&lt;span class="kt">deg&lt;/span>&lt;span class="p">;&lt;/span>
&lt;/span>&lt;/span>&lt;span class="line">&lt;span class="cl"> &lt;span class="nv">--primary-saturation&lt;/span>&lt;span class="p">:&lt;/span> &lt;span class="mi">90&lt;/span>&lt;span class="kt">%&lt;/span>&lt;span class="p">;&lt;/span>
&lt;/span>&lt;/span>&lt;span class="line">&lt;span class="cl"> &lt;span class="nv">--primary-lightness&lt;/span>&lt;span class="p">:&lt;/span> &lt;span class="mi">50&lt;/span>&lt;span class="kt">%&lt;/span>&lt;span class="p">;&lt;/span>
&lt;/span>&lt;/span>&lt;span class="line">&lt;span class="cl">&lt;span class="p">}&lt;/span>&lt;/span>&lt;/span>&lt;/code>&lt;/pre>&lt;/div>&lt;/div>&lt;div class="hextra-code-copy-btn-container hx-opacity-0 hx-transition group-hover/code:hx-opacity-100 hx-flex hx-gap-1 hx-absolute hx-m-[11px] hx-right-0 hx-top-8">
&lt;button
class="hextra-code-copy-btn hx-group/copybtn hx-transition-all active:hx-opacity-50 hx-bg-primary-700/5 hx-border hx-border-black/5 hx-text-gray-600 hover:hx-text-gray-900 hx-rounded-md hx-p-1.5 dark:hx-bg-primary-300/10 dark:hx-border-white/10 dark:hx-text-gray-400 dark:hover:hx-text-gray-50"
title="Copy code"
>
&lt;div class="copy-icon group-[.copied]/copybtn:hx-hidden hx-pointer-events-none hx-h-4 hx-w-4">&lt;/div>
&lt;div class="success-icon hx-hidden group-[.copied]/copybtn:hx-block hx-pointer-events-none hx-h-4 hx-w-4">&lt;/div>
&lt;/button>
&lt;/div>
&lt;/div>
&lt;h3>Further Theme Customization&lt;span class="hx-absolute -hx-mt-20" id="further-theme-customization">&lt;/span>
&lt;a href="#further-theme-customization" class="subheading-anchor" aria-label="Permalink for this section">&lt;/a>&lt;/h3>&lt;p>The theme can be further customized by overriding the default styles via the exposed css classes. An example for customizing the footer element:&lt;/p>
&lt;div class="hextra-code-block hx-relative hx-mt-6 first:hx-mt-0 hx-group/code">
&lt;div class="filename not-prose" dir="auto">assets/css/custom.css&lt;/div>&lt;div>&lt;div class="highlight">&lt;pre tabindex="0" class="chroma">&lt;code class="language-css" data-lang="css">&lt;span class="line">&lt;span class="cl">&lt;span class="p">.&lt;/span>&lt;span class="nc">hextra-footer&lt;/span> &lt;span class="p">{&lt;/span>
&lt;/span>&lt;/span>&lt;span class="line">&lt;span class="cl"> &lt;span class="c">/* Styles will be applied to the footer element */&lt;/span>
&lt;/span>&lt;/span>&lt;span class="line">&lt;span class="cl">&lt;span class="p">}&lt;/span>
&lt;/span>&lt;/span>&lt;span class="line">&lt;span class="cl">
&lt;/span>&lt;/span>&lt;span class="line">&lt;span class="cl">&lt;span class="p">.&lt;/span>&lt;span class="nc">hextra-footer&lt;/span>&lt;span class="p">:&lt;/span>&lt;span class="nd">is&lt;/span>&lt;span class="o">(&lt;/span>&lt;span class="nt">html&lt;/span>&lt;span class="o">[&lt;/span>&lt;span class="nt">class&lt;/span>&lt;span class="o">~=&lt;/span>&lt;span class="s2">&amp;#34;dark&amp;#34;&lt;/span>&lt;span class="o">]&lt;/span> &lt;span class="o">*)&lt;/span> &lt;span class="p">{&lt;/span>
&lt;/span>&lt;/span>&lt;span class="line">&lt;span class="cl"> &lt;span class="c">/* Styles will be applied to the footer element in dark mode */&lt;/span>
&lt;/span>&lt;/span>&lt;span class="line">&lt;span class="cl">&lt;span class="p">}&lt;/span>&lt;/span>&lt;/span>&lt;/code>&lt;/pre>&lt;/div>&lt;/div>&lt;div class="hextra-code-copy-btn-container hx-opacity-0 hx-transition group-hover/code:hx-opacity-100 hx-flex hx-gap-1 hx-absolute hx-m-[11px] hx-right-0 hx-top-8">
&lt;button
class="hextra-code-copy-btn hx-group/copybtn hx-transition-all active:hx-opacity-50 hx-bg-primary-700/5 hx-border hx-border-black/5 hx-text-gray-600 hover:hx-text-gray-900 hx-rounded-md hx-p-1.5 dark:hx-bg-primary-300/10 dark:hx-border-white/10 dark:hx-text-gray-400 dark:hover:hx-text-gray-50"
title="Copy code"
>
&lt;div class="copy-icon group-[.copied]/copybtn:hx-hidden hx-pointer-events-none hx-h-4 hx-w-4">&lt;/div>
&lt;div class="success-icon hx-hidden group-[.copied]/copybtn:hx-block hx-pointer-events-none hx-h-4 hx-w-4">&lt;/div>
&lt;/button>
&lt;/div>
&lt;/div>
&lt;p>The following classes can be used to customize various parts of the theme.&lt;/p>
&lt;h4>General&lt;span class="hx-absolute -hx-mt-20" id="general">&lt;/span>
&lt;a href="#general" class="subheading-anchor" aria-label="Permalink for this section">&lt;/a>&lt;/h4>&lt;ul>
&lt;li>&lt;code>hextra-scrollbar&lt;/code> - The scrollbar element&lt;/li>
&lt;li>&lt;code>content&lt;/code> - Page content container&lt;/li>
&lt;/ul>
&lt;h4>Shortcodes&lt;span class="hx-absolute -hx-mt-20" id="shortcodes">&lt;/span>
&lt;a href="#shortcodes" class="subheading-anchor" aria-label="Permalink for this section">&lt;/a>&lt;/h4>&lt;h5>Badge&lt;span class="hx-absolute -hx-mt-20" id="badge">&lt;/span>
&lt;a href="#badge" class="subheading-anchor" aria-label="Permalink for this section">&lt;/a>&lt;/h5>&lt;ul>
&lt;li>&lt;code>hextra-badge&lt;/code> - The badge element&lt;/li>
&lt;/ul>
&lt;h5>Card&lt;span class="hx-absolute -hx-mt-20" id="card">&lt;/span>
&lt;a href="#card" class="subheading-anchor" aria-label="Permalink for this section">&lt;/a>&lt;/h5>&lt;ul>
&lt;li>&lt;code>hextra-card&lt;/code> - The card element&lt;/li>
&lt;li>&lt;code>hextra-card-image&lt;/code> - The card image element&lt;/li>
&lt;li>&lt;code>hextra-card-icon&lt;/code> - The card icon element&lt;/li>
&lt;li>&lt;code>hextra-card-subtitle&lt;/code> - The card subtitle element&lt;/li>
&lt;/ul>
&lt;h5>Cards&lt;span class="hx-absolute -hx-mt-20" id="cards">&lt;/span>
&lt;a href="#cards" class="subheading-anchor" aria-label="Permalink for this section">&lt;/a>&lt;/h5>&lt;ul>
&lt;li>&lt;code>hextra-cards&lt;/code> - The cards grid container&lt;/li>
&lt;/ul>
&lt;h5>Jupyter Notebook&lt;span class="hx-absolute -hx-mt-20" id="jupyter-notebook">&lt;/span>
&lt;a href="#jupyter-notebook" class="subheading-anchor" aria-label="Permalink for this section">&lt;/a>&lt;/h5>&lt;ul>
&lt;li>&lt;code>hextra-jupyter-code-cell&lt;/code> - The Jupyter code cell container&lt;/li>
&lt;li>&lt;code>hextra-jupyter-code-cell-outputs-container&lt;/code> - The Jupyter code cell outputs container&lt;/li>
&lt;li>&lt;code>hextra-jupyter-code-cell-outputs&lt;/code> - The Jupyter code cell output div element&lt;/li>
&lt;/ul>
&lt;h5>PDF&lt;span class="hx-absolute -hx-mt-20" id="pdf">&lt;/span>
&lt;a href="#pdf" class="subheading-anchor" aria-label="Permalink for this section">&lt;/a>&lt;/h5>&lt;ul>
&lt;li>&lt;code>hextra-pdf&lt;/code> - The PDF container element&lt;/li>
&lt;/ul>
&lt;h5>Steps&lt;span class="hx-absolute -hx-mt-20" id="steps">&lt;/span>
&lt;a href="#steps" class="subheading-anchor" aria-label="Permalink for this section">&lt;/a>&lt;/h5>&lt;ul>
&lt;li>&lt;code>steps&lt;/code> - The steps container&lt;/li>
&lt;/ul>
&lt;h5>Tabs&lt;span class="hx-absolute -hx-mt-20" id="tabs">&lt;/span>
&lt;a href="#tabs" class="subheading-anchor" aria-label="Permalink for this section">&lt;/a>&lt;/h5>&lt;ul>
&lt;li>&lt;code>hextra-tabs-panel&lt;/code> - The tabs panel container&lt;/li>
&lt;li>&lt;code>hextra-tabs-toggle&lt;/code> - The tabs toggle button&lt;/li>
&lt;/ul>
&lt;h5>Filetree&lt;span class="hx-absolute -hx-mt-20" id="filetree">&lt;/span>
&lt;a href="#filetree" class="subheading-anchor" aria-label="Permalink for this section">&lt;/a>&lt;/h5>&lt;ul>
&lt;li>&lt;code>hextra-filetree&lt;/code> - The filetree container&lt;/li>
&lt;/ul>
&lt;h5>Folder&lt;span class="hx-absolute -hx-mt-20" id="folder">&lt;/span>
&lt;a href="#folder" class="subheading-anchor" aria-label="Permalink for this section">&lt;/a>&lt;/h5>&lt;ul>
&lt;li>&lt;code>hextra-filetree-folder&lt;/code> - The filetree folder container&lt;/li>
&lt;/ul>
&lt;h4>Navbar&lt;span class="hx-absolute -hx-mt-20" id="navbar">&lt;/span>
&lt;a href="#navbar" class="subheading-anchor" aria-label="Permalink for this section">&lt;/a>&lt;/h4>&lt;ul>
&lt;li>&lt;code>nav-container&lt;/code> - The navbar container&lt;/li>
&lt;li>&lt;code>nav-container-blur&lt;/code> - The navbar container in blur element&lt;/li>
&lt;li>&lt;code>hamburger-menu&lt;/code> - The hamburger menu button&lt;/li>
&lt;/ul>
&lt;h4>Footer&lt;span class="hx-absolute -hx-mt-20" id="footer">&lt;/span>
&lt;a href="#footer" class="subheading-anchor" aria-label="Permalink for this section">&lt;/a>&lt;/h4>&lt;ul>
&lt;li>&lt;code>hextra-footer&lt;/code> - The footer element&lt;/li>
&lt;li>&lt;code>hextra-custom-footer&lt;/code> - The custom footer section container&lt;/li>
&lt;/ul>
&lt;h4>Search&lt;span class="hx-absolute -hx-mt-20" id="search">&lt;/span>
&lt;a href="#search" class="subheading-anchor" aria-label="Permalink for this section">&lt;/a>&lt;/h4>&lt;ul>
&lt;li>&lt;code>search-wrapper&lt;/code> - The search wrapper container&lt;/li>
&lt;li>&lt;code>search-input&lt;/code> - The search input element&lt;/li>
&lt;li>&lt;code>search-results&lt;/code> - The search results list container&lt;/li>
&lt;/ul>
&lt;h4>Table of Contents&lt;span class="hx-absolute -hx-mt-20" id="table-of-contents">&lt;/span>
&lt;a href="#table-of-contents" class="subheading-anchor" aria-label="Permalink for this section">&lt;/a>&lt;/h4>&lt;ul>
&lt;li>&lt;code>hextra-toc&lt;/code> - The table of contents container&lt;/li>
&lt;/ul>
&lt;h4>Sidebar&lt;span class="hx-absolute -hx-mt-20" id="sidebar">&lt;/span>
&lt;a href="#sidebar" class="subheading-anchor" aria-label="Permalink for this section">&lt;/a>&lt;/h4>&lt;ul>
&lt;li>&lt;code>mobile-menu-overlay&lt;/code> - The overlay element for the mobile menu&lt;/li>
&lt;li>&lt;code>sidebar-container&lt;/code> - The sidebar container&lt;/li>
&lt;li>&lt;code>sidebar-active-item&lt;/code> - The active item in the sidebar&lt;/li>
&lt;/ul>
&lt;h4>Language Switcher&lt;span class="hx-absolute -hx-mt-20" id="language-switcher">&lt;/span>
&lt;a href="#language-switcher" class="subheading-anchor" aria-label="Permalink for this section">&lt;/a>&lt;/h4>&lt;ul>
&lt;li>&lt;code>language-switcher&lt;/code> - The language switcher button&lt;/li>
&lt;li>&lt;code>language-options&lt;/code> - The language options container&lt;/li>
&lt;/ul>
&lt;h4>Theme Toggle&lt;span class="hx-absolute -hx-mt-20" id="theme-toggle">&lt;/span>
&lt;a href="#theme-toggle" class="subheading-anchor" aria-label="Permalink for this section">&lt;/a>&lt;/h4>&lt;ul>
&lt;li>&lt;code>theme-toggle&lt;/code> - The theme toggle button&lt;/li>
&lt;/ul>
&lt;h4>Cody Copy Button&lt;span class="hx-absolute -hx-mt-20" id="cody-copy-button">&lt;/span>
&lt;a href="#cody-copy-button" class="subheading-anchor" aria-label="Permalink for this section">&lt;/a>&lt;/h4>&lt;ul>
&lt;li>&lt;code>hextra-code-copy-btn-container&lt;/code> - The code copy button container&lt;/li>
&lt;li>&lt;code>hextra-code-copy-btn&lt;/code> - The code copy button&lt;/li>
&lt;/ul>
&lt;h4>Code Block&lt;span class="hx-absolute -hx-mt-20" id="code-block">&lt;/span>
&lt;a href="#code-block" class="subheading-anchor" aria-label="Permalink for this section">&lt;/a>&lt;/h4>&lt;ul>
&lt;li>&lt;code>hextra-code-block&lt;/code> - The code block container&lt;/li>
&lt;/ul>
&lt;h4>Feature Card&lt;span class="hx-absolute -hx-mt-20" id="feature-card">&lt;/span>
&lt;a href="#feature-card" class="subheading-anchor" aria-label="Permalink for this section">&lt;/a>&lt;/h4>&lt;ul>
&lt;li>&lt;code>hextra-feature-card&lt;/code> - The feature card link element&lt;/li>
&lt;/ul>
&lt;h4>Feature Grid&lt;span class="hx-absolute -hx-mt-20" id="feature-grid">&lt;/span>
&lt;a href="#feature-grid" class="subheading-anchor" aria-label="Permalink for this section">&lt;/a>&lt;/h4>&lt;ul>
&lt;li>&lt;code>hextra-feature-grid&lt;/code> - The feature grid container&lt;/li>
&lt;/ul>
&lt;h4>Breadcrumbs&lt;span class="hx-absolute -hx-mt-20" id="breadcrumbs">&lt;/span>
&lt;a href="#breadcrumbs" class="subheading-anchor" aria-label="Permalink for this section">&lt;/a>&lt;/h4>&lt;p>No specific class is available for breadcrumbs.&lt;/p>
&lt;h3>Syntax Highlighting&lt;span class="hx-absolute -hx-mt-20" id="syntax-highlighting">&lt;/span>
&lt;a href="#syntax-highlighting" class="subheading-anchor" aria-label="Permalink for this section">&lt;/a>&lt;/h3>&lt;p>List of available syntax highlighting themes are available at &lt;a href="https://xyproto.github.io/splash/docs/all.html" target="_blank" rel="noopener">Chroma Styles Gallery&lt;/a>. The stylesheet can be generated using the command:&lt;/p>
&lt;div class="hextra-code-block hx-relative hx-mt-6 first:hx-mt-0 hx-group/code">
&lt;div>&lt;div class="highlight">&lt;pre tabindex="0" class="chroma">&lt;code class="language-shell" data-lang="shell">&lt;span class="line">&lt;span class="cl">hugo gen chromastyles --style&lt;span class="o">=&lt;/span>github&lt;/span>&lt;/span>&lt;/code>&lt;/pre>&lt;/div>&lt;/div>&lt;div class="hextra-code-copy-btn-container hx-opacity-0 hx-transition group-hover/code:hx-opacity-100 hx-flex hx-gap-1 hx-absolute hx-m-[11px] hx-right-0 hx-top-0">
&lt;button
class="hextra-code-copy-btn hx-group/copybtn hx-transition-all active:hx-opacity-50 hx-bg-primary-700/5 hx-border hx-border-black/5 hx-text-gray-600 hover:hx-text-gray-900 hx-rounded-md hx-p-1.5 dark:hx-bg-primary-300/10 dark:hx-border-white/10 dark:hx-text-gray-400 dark:hover:hx-text-gray-50"
title="Copy code"
>
&lt;div class="copy-icon group-[.copied]/copybtn:hx-hidden hx-pointer-events-none hx-h-4 hx-w-4">&lt;/div>
&lt;div class="success-icon hx-hidden group-[.copied]/copybtn:hx-block hx-pointer-events-none hx-h-4 hx-w-4">&lt;/div>
&lt;/button>
&lt;/div>
&lt;/div>
&lt;p>To override the default syntax highlighting theme, we can add the generated styles to the custom CSS file.&lt;/p>
&lt;h2>Custom Scripts&lt;span class="hx-absolute -hx-mt-20" id="custom-scripts">&lt;/span>
&lt;a href="#custom-scripts" class="subheading-anchor" aria-label="Permalink for this section">&lt;/a>&lt;/h2>&lt;p>You may add custom scripts to the end of the head for every page by adding the following file:&lt;/p>
&lt;div class="hextra-code-block hx-relative hx-mt-6 first:hx-mt-0 hx-group/code">
&lt;pre>&lt;code>layouts/partials/custom/head-end.html&lt;/code>&lt;/pre>&lt;div class="hextra-code-copy-btn-container hx-opacity-0 hx-transition group-hover/code:hx-opacity-100 hx-flex hx-gap-1 hx-absolute hx-m-[11px] hx-right-0 hx-top-0">
&lt;button
class="hextra-code-copy-btn hx-group/copybtn hx-transition-all active:hx-opacity-50 hx-bg-primary-700/5 hx-border hx-border-black/5 hx-text-gray-600 hover:hx-text-gray-900 hx-rounded-md hx-p-1.5 dark:hx-bg-primary-300/10 dark:hx-border-white/10 dark:hx-text-gray-400 dark:hover:hx-text-gray-50"
title="Copy code"
>
&lt;div class="copy-icon group-[.copied]/copybtn:hx-hidden hx-pointer-events-none hx-h-4 hx-w-4">&lt;/div>
&lt;div class="success-icon hx-hidden group-[.copied]/copybtn:hx-block hx-pointer-events-none hx-h-4 hx-w-4">&lt;/div>
&lt;/button>
&lt;/div>
&lt;/div>
&lt;h2>Custom Extra Section in Footer&lt;span class="hx-absolute -hx-mt-20" id="custom-extra-section-in-footer">&lt;/span>
&lt;a href="#custom-extra-section-in-footer" class="subheading-anchor" aria-label="Permalink for this section">&lt;/a>&lt;/h2>&lt;p>You can add extra section in the footer by creating a file &lt;code>layouts/partials/custom/footer.html&lt;/code> in your site.&lt;/p>
&lt;div class="hextra-code-block hx-relative hx-mt-6 first:hx-mt-0 hx-group/code">
&lt;div class="filename not-prose" dir="auto">layouts/partials/custom/footer.html&lt;/div>&lt;div>&lt;div class="highlight">&lt;pre tabindex="0" class="chroma">&lt;code class="language-html" data-lang="html">&lt;span class="line">&lt;span class="cl">&lt;span class="c">&amp;lt;!-- Your footer element here --&amp;gt;&lt;/span>&lt;/span>&lt;/span>&lt;/code>&lt;/pre>&lt;/div>&lt;/div>&lt;div class="hextra-code-copy-btn-container hx-opacity-0 hx-transition group-hover/code:hx-opacity-100 hx-flex hx-gap-1 hx-absolute hx-m-[11px] hx-right-0 hx-top-8">
&lt;button
class="hextra-code-copy-btn hx-group/copybtn hx-transition-all active:hx-opacity-50 hx-bg-primary-700/5 hx-border hx-border-black/5 hx-text-gray-600 hover:hx-text-gray-900 hx-rounded-md hx-p-1.5 dark:hx-bg-primary-300/10 dark:hx-border-white/10 dark:hx-text-gray-400 dark:hover:hx-text-gray-50"
title="Copy code"
>
&lt;div class="copy-icon group-[.copied]/copybtn:hx-hidden hx-pointer-events-none hx-h-4 hx-w-4">&lt;/div>
&lt;div class="success-icon hx-hidden group-[.copied]/copybtn:hx-block hx-pointer-events-none hx-h-4 hx-w-4">&lt;/div>
&lt;/button>
&lt;/div>
&lt;/div>
&lt;p>The added section will be added before the copyright section in the footer.
You can use &lt;a href="https://developer.mozilla.org/en-US/docs/Web/HTML" target="_blank" rel="noopener">HTML&lt;/a> and &lt;a href="https://gohugo.io/templates/" target="_blank" rel="noopener">Hugo template syntax&lt;/a> to add your own content.&lt;/p>
&lt;p>Hugo variables available in the footer section are: &lt;code>.switchesVisible&lt;/code> and &lt;code>.displayCopyright&lt;/code>.&lt;/p>
&lt;h2>Custom Layouts&lt;span class="hx-absolute -hx-mt-20" id="custom-layouts">&lt;/span>
&lt;a href="#custom-layouts" class="subheading-anchor" aria-label="Permalink for this section">&lt;/a>&lt;/h2>&lt;p>The layouts of the theme can be overridden by creating a file with the same name in the &lt;code>layouts&lt;/code> directory of your site.
For example, to override the &lt;code>single.html&lt;/code> layout for docs, create a file &lt;code>layouts/docs/single.html&lt;/code> in your site.&lt;/p>
&lt;p>For further information, refer to the &lt;a href="https://gohugo.io/templates/" target="_blank" rel="noopener">Hugo Templates&lt;/a>.&lt;/p>
&lt;h2>Further Customization&lt;span class="hx-absolute -hx-mt-20" id="further-customization">&lt;/span>
&lt;a href="#further-customization" class="subheading-anchor" aria-label="Permalink for this section">&lt;/a>&lt;/h2>&lt;p>Didn&amp;rsquo;t find what you were looking for? Feel free to &lt;a href="https://github.com/imfing/hextra/discussions" target="_blank" rel="noopener">open a discussion&lt;/a> or make a contribution to the theme!&lt;/p></description></item></channel></rss>